OrderID,CustomerName,CustomerEmail,ProductName,ProductCategory,Quantity,Price,OrderDate,DeliveryStatus,PaymentMethod,TotalAmount,OrderMonth
1,Customer_103,Customer103@gmail.com,Butter,Dairy,14,416.06,2025-07-24,Pending,UPI,5824.84,7
2,Customer_180,Customer180@gmail.com,Apple,Fruits,5,269.74,2025-10-12,Delivered,UPI,1348.7,10
3,Customer_93,Customer93@gmail.com,Milk,Dairy,14,199.26,2025-09-16,Delivered,Card,2789.64,9
4,Customer_15,Customer15@gmail.com,Tomato,Vegetables,1,78.74,2025-03-04,Delivered,UPI,78.74,3
5,Customer_107,Customer107@gmail.com,Chicken,Meat,0,373.04,2025-12-21,Delivered,Card,0.0,12
6,Customer_72,Customer72@gmail.com,Eggs,Dairy,6,133.21,2025-06-13,Delivered,UPI,799.26,6
7,Customer_189,Customer189@gmail.com,Cheese,Dairy,6,198.28,2025-02-28,Pending,Card,1189.68,2
8,Customer_21,Customer21@gmail.com,Bread,Bakery,9,50.02,2025-03-07,Cancelled,Card,450.18,3
9,Customer_103,Customer103@gmail.com,Tomato,Vegetables,10,404.66,2025-02-05,Delivered,Card,4046.6000000000004,2
10,Customer_122,Customer122@gmail.com,Banana,Fruits,9,387.96,2025-10-21,Delivered,Card,3491.64,10
11,Customer_75,Customer75@gmail.com,Butter,Dairy,13,372.14,2025-02-14,Delivered,UPI,4837.82,2
12,Customer_88,Customer88@gmail.com,Cheese,Dairy,1,163.73,2025-02-15,Delivered,Card,163.73,2
13,Customer_117,Customer117@gmail.com,Eggs,Dairy,1,103.27,2025-11-07,Delivered,UPI,103.27,11
14,Customer_100,Customer100@gmail.com,Chicken,Meat,0,326.03,2025-05-06,Cancelled,Card,0.0,5
15,Customer_104,Customer104@gmail.com,Apple,Fruits,9,258.16,2025-01-12,Delivered,UPI,2323.44,1
16,Customer_152,Customer152@gmail.com,Eggs,Dairy,7,105.56,2025-01-19,Delivered,Card,738.9200000000001,1
17,Customer_131,Customer131@gmail.com,Cheese,Dairy,14,349.24,2025-02-21,Delivered,Card,4889.360000000001,2
18,Customer_150,Customer150@gmail.com,Eggs,Dairy,7,495.74,2025-03-19,Pending,UPI,3470.1800000000003,3
19,Customer_53,Customer53@gmail.com,Cheese,Dairy,0,378.67,2025-08-31,Pending,Card,0.0,8
20,Customer_2,Customer2@gmail.com,Cheese,Dairy,11,375.19,2025-02-27,Cancelled,Card,4127.09,2
21,Customer_88,Customer88@gmail.com,Orange,Fruits,10,476.15,2025-02-13,Pending,Card,4761.5,2
22,Customer_158,Customer158@gmail.com,Bread,Bakery,7,117.41,2025-10-07,Delivered,Card,821.87,10
23,Customer_38,Customer38@gmail.com,Butter,Dairy,8,291.46,2025-09-02,Delivered,UPI,2331.68,9
24,Customer_130,Customer130@gmail.com,Orange,Fruits,13,490.23,2025-06-08,Delivered,Card,6372.99,6
25,Customer_192,Customer192@gmail.com,Chicken,Meat,3,99.34,2025-07-20,Delivered,UPI,298.02,7
26,Customer_188,Customer188@gmail.com,Orange,Fruits,0,356.12,2025-04-24,Delivered,Cash,0.0,4
27,Customer_21,Customer21@gmail.com,Milk,Dairy,0,301.19,2025-06-26,Delivered,Card,0.0,6
28,Customer_161,Customer161@gmail.com,Milk,Dairy,2,301.51,2025-07-04,Delivered,Cash,603.02,7
29,Customer_58,Customer58@gmail.com,Butter,Dairy,14,354.88,2025-05-22,Delivered,UPI,4968.32,5
30,Customer_22,Customer22@gmail.com,Eggs,Dairy,15,466.22,2025-11-27,Delivered,UPI,6993.3,11
31,Customer_89,Customer89@gmail.com,Bread,Bakery,13,395.64,2025-01-06,Pending,UPI,5143.32,1
32,Customer_49,Customer49@gmail.com,Butter,Dairy,4,46.95,2025-10-13,Delivered,UPI,187.8,10
33,Customer_59,Customer59@gmail.com,Cheese,Dairy,15,429.31,2025-02-15,Delivered,UPI,6439.65,2
34,Customer_170,Customer170@gmail.com,Banana,Fruits,4,128.26,2025-10-19,Delivered,Card,513.04,10
35,Customer_188,Customer188@gmail.com,Bread,Bakery,8,200.92,2025-08-13,Delivered,Card,1607.36,8
36,Customer_15,Customer15@gmail.com,Bread,Bakery,9,241.63,2025-11-04,Delivered,Card,2174.67,11
37,Customer_190,Customer190@gmail.com,Cheese,Dairy,13,250.83,2025-02-05,Delivered,Card,3260.79,2
38,Customer_190,Customer190@gmail.com,Cheese,Dairy,11,228.89,2025-07-24,Delivered,Card,2517.79,7
39,Customer_175,Customer175@gmail.com,Apple,Fruits,1,469.93,2025-07-02,Delivered,Card,469.93,7
40,Customer_190,Customer190@gmail.com,Butter,Dairy,1,358.89,2025-09-15,Delivered,Card,358.89,9
41,Customer_51,Customer51@gmail.com,Cheese,Dairy,15,322.96,2025-07-15,Delivered,UPI,4844.4,7
42,Customer_108,Customer108@gmail.com,Milk,Dairy,5,43.92,2025-07-17,Delivered,Cash,219.60000000000002,7
43,Customer_55,Customer55@gmail.com,Chicken,Meat,14,453.88,2025-06-06,Delivered,Cash,6354.32,6
44,Customer_64,Customer64@gmail.com,Banana,Fruits,8,456.51,2025-04-23,Delivered,Card,3652.08,4
45,Customer_131,Customer131@gmail.com,Butter,Dairy,0,394.5,2025-06-26,Delivered,UPI,0.0,6
46,Customer_51,Customer51@gmail.com,Tomato,Vegetables,8,23.37,2025-02-13,Delivered,Cash,186.96,2
47,Customer_135,Customer135@gmail.com,Milk,Dairy,8,47.49,2025-12-17,Delivered,Card,379.92,12
48,Customer_21,Customer21@gmail.com,Eggs,Dairy,15,128.11,2025-09-18,Delivered,Card,1921.65,9
49,Customer_73,Customer73@gmail.com,Cheese,Dairy,12,83.05,2025-12-14,Delivered,Cash,996.5999999999999,12
50,Customer_167,Customer167@gmail.com,Tomato,Vegetables,8,211.44,2025-03-24,Pending,UPI,1691.52,3
51,Customer_18,Customer18@gmail.com,Cheese,Dairy,4,462.86,2025-11-17,Pending,Card,1851.44,11
52,Customer_132,Customer132@gmail.com,Bread,Bakery,12,246.59,2025-10-23,Pending,Card,2959.08,10
53,Customer_89,Customer89@gmail.com,Milk,Dairy,14,26.43,2025-09-05,Delivered,Card,370.02,9
54,Customer_60,Customer60@gmail.com,Bread,Bakery,8,155.72,2025-08-17,Delivered,Cash,1245.76,8
55,Customer_14,Customer14@gmail.com,Apple,Fruits,10,41.41,2025-04-26,Delivered,UPI,414.09999999999997,4
56,Customer_9,Customer9@gmail.com,Bread,Bakery,3,37.42,2025-10-25,Delivered,Card,112.26,10
57,Customer_90,Customer90@gmail.com,Apple,Fruits,1,152.35,2025-07-03,Delivered,Card,152.35,7
58,Customer_53,Customer53@gmail.com,Apple,Fruits,12,152.29,2025-01-26,Delivered,UPI,1827.48,1
59,Customer_130,Customer130@gmail.com,Tomato,Vegetables,5,397.82,2025-04-25,Cancelled,UPI,1989.1,4
60,Customer_84,Customer84@gmail.com,Cheese,Dairy,13,487.92,2025-12-08,Delivered,Card,6342.96,12
61,Customer_92,Customer92@gmail.com,Eggs,Dairy,3,198.18,2025-11-07,Pending,Cash,594.54,11
62,Customer_111,Customer111@gmail.com,Bread,Bakery,5,225.87,2025-12-25,Delivered,Card,1129.35,12
63,Customer_188,Customer188@gmail.com,Milk,Dairy,2,425.5,2025-08-18,Delivered,Card,851.0,8
64,Customer_199,Customer199@gmail.com,Apple,Fruits,5,148.71,2025-04-01,Delivered,UPI,743.5500000000001,4
65,Customer_172,Customer172@gmail.com,Cheese,Dairy,1,95.06,2025-03-01,Delivered,Card,95.06,3
66,Customer_8,Customer8@gmail.com,Banana,Fruits,1,429.48,2025-03-10,Pending,Cash,429.48,3
67,Customer_175,Customer175@gmail.com,Butter,Dairy,12,42.32,2025-01-08,Delivered,UPI,507.84000000000003,1
68,Customer_35,Customer35@gmail.com,Tomato,Vegetables,8,317.46,2025-05-23,Delivered,UPI,2539.68,5
69,Customer_81,Customer81@gmail.com,Eggs,Dairy,6,289.76,2025-03-11,Pending,Card,1738.56,3
70,Customer_164,Customer164@gmail.com,Orange,Fruits,2,186.04,2025-05-31,Delivered,Card,372.08,5
71,Customer_50,Customer50@gmail.com,Tomato,Vegetables,12,171.29,2025-12-08,Cancelled,Card,2055.48,12
72,Customer_104,Customer104@gmail.com,Banana,Fruits,10,390.49,2025-06-07,Delivered,UPI,3904.9,6
73,Customer_132,Customer132@gmail.com,Butter,Dairy,0,61.48,2025-11-17,Delivered,UPI,0.0,11
74,Customer_2,Customer2@gmail.com,Banana,Fruits,7,133.66,2025-08-10,Delivered,Cash,935.62,8
75,Customer_134,Customer134@gmail.com,Bread,Bakery,13,371.58,2025-04-01,Delivered,UPI,4830.54,4
76,Customer_54,Customer54@gmail.com,Apple,Fruits,5,283.19,2025-05-10,Delivered,Cash,1415.95,5
77,Customer_106,Customer106@gmail.com,Eggs,Dairy,6,81.43,2025-01-31,Delivered,UPI,488.58000000000004,1
78,Customer_4,Customer4@gmail.com,Chicken,Meat,8,443.43,2025-05-02,Pending,Card,3547.44,5
79,Customer_54,Customer54@gmail.com,Apple,Fruits,4,208.85,2025-09-05,Pending,Card,835.4,9
80,Customer_191,Customer191@gmail.com,Chicken,Meat,14,417.38,2025-01-27,Delivered,UPI,5843.32,1
81,Customer_146,Customer146@gmail.com,Butter,Dairy,0,398.1,2025-03-16,Delivered,Card,0.0,3
82,Customer_44,Customer44@gmail.com,Cheese,Dairy,11,319.72,2025-05-20,Delivered,Card,3516.92,5
83,Customer_162,Customer162@gmail.com,Orange,Fruits,9,257.35,2025-12-25,Delivered,UPI,2316.15,12
84,Customer_190,Customer190@gmail.com,Milk,Dairy,6,490.18,2025-10-14,Delivered,Cash,2941.08,10
85,Customer_14,Customer14@gmail.com,Apple,Fruits,14,89.58,2025-09-25,Delivered,Card,1254.12,9
86,Customer_95,Customer95@gmail.com,Eggs,Dairy,4,368.07,2025-02-12,Delivered,UPI,1472.28,2
87,Customer_48,Customer48@gmail.com,Banana,Fruits,2,111.77,2025-10-13,Delivered,Cash,223.54,10
88,Customer_15,Customer15@gmail.com,Eggs,Dairy,11,182.37,2025-10-14,Cancelled,Card,2006.0700000000002,10
89,Customer_200,Customer200@gmail.com,Butter,Dairy,12,168.18,2025-08-08,Delivered,Card,2018.16,8
90,Customer_190,Customer190@gmail.com,Chicken,Meat,8,474.58,2025-12-28,Delivered,Card,3796.64,12
91,Customer_40,Customer40@gmail.com,Banana,Fruits,0,484.33,2025-04-29,Delivered,UPI,0.0,4
92,Customer_82,Customer82@gmail.com,Milk,Dairy,0,107.85,2025-12-10,Delivered,UPI,0.0,12
93,Customer_111,Customer111@gmail.com,Milk,Dairy,15,30.58,2025-11-30,Delivered,Cash,458.7,11
94,Customer_53,Customer53@gmail.com,Apple,Fruits,0,365.6,2025-01-05,Delivered,UPI,0.0,1
95,Customer_24,Customer24@gmail.com,Butter,Dairy,2,220.64,2025-06-14,Pending,Card,441.28,6
96,Customer_154,Customer154@gmail.com,Cheese,Dairy,11,62.64,2025-12-23,Delivered,Card,689.04,12
97,Customer_188,Customer188@gmail.com,Butter,Dairy,5,348.2,2025-02-07,Delivered,UPI,1741.0,2
98,Customer_124,Customer124@gmail.com,Chicken,Meat,9,281.65,2025-07-19,Cancelled,Card,2534.85,7
99,Customer_41,Customer41@gmail.com,Eggs,Dairy,10,490.65,2025-12-24,Pending,Card,4906.5,12
100,Customer_157,Customer157@gmail.com,Milk,Dairy,2,129.16,2025-07-22,Delivered,Card,258.32,7
101,Customer_15,Customer15@gmail.com,Eggs,Dairy,7,213.91,2025-03-11,Delivered,Card,1497.37,3
102,Customer_45,Customer45@gmail.com,Eggs,Dairy,13,280.42,2025-08-01,Delivered,Card,3645.46,8
103,Customer_65,Customer65@gmail.com,Eggs,Dairy,13,400.02,2025-03-16,Delivered,Card,5200.26,3
104,Customer_89,Customer89@gmail.com,Milk,Dairy,9,283.44,2025-07-09,Delivered,Card,2550.96,7
105,Customer_71,Customer71@gmail.com,Tomato,Vegetables,1,314.19,2025-01-28,Delivered,Card,314.19,1
106,Customer_9,Customer9@gmail.com,Bread,Bakery,13,128.55,2025-08-10,Delivered,UPI,1671.15,8
107,Customer_88,Customer88@gmail.com,Chicken,Meat,8,426.52,2025-07-08,Delivered,Cash,3412.16,7
108,Customer_129,Customer129@gmail.com,Tomato,Vegetables,2,225.74,2025-09-28,Delivered,Card,451.48,9
109,Customer_136,Customer136@gmail.com,Chicken,Meat,4,87.66,2025-08-19,Delivered,UPI,350.64,8
110,Customer_63,Customer63@gmail.com,Banana,Fruits,9,338.81,2025-07-20,Delivered,Card,3049.29,7
111,Customer_139,Customer139@gmail.com,Butter,Dairy,7,123.72,2025-09-09,Delivered,UPI,866.04,9
112,Customer_81,Customer81@gmail.com,Butter,Dairy,15,66.83,2025-02-22,Delivered,Cash,1002.4499999999999,2
113,Customer_136,Customer136@gmail.com,Orange,Fruits,1,433.75,2025-08-06,Delivered,UPI,433.75,8
114,Customer_163,Customer163@gmail.com,Butter,Dairy,5,240.88,2025-03-04,Delivered,Cash,1204.4,3
115,Customer_163,Customer163@gmail.com,Milk,Dairy,11,379.66,2025-12-04,Delivered,Card,4176.26,12
116,Customer_33,Customer33@gmail.com,Cheese,Dairy,4,159.48,2025-01-25,Delivered,Card,637.92,1
117,Customer_123,Customer123@gmail.com,Apple,Fruits,12,397.75,2025-06-07,Delivered,Cash,4773.0,6
118,Customer_5,Customer5@gmail.com,Orange,Fruits,9,73.73,2025-09-11,Pending,Card,663.57,9
119,Customer_41,Customer41@gmail.com,Apple,Fruits,8,190.87,2025-06-17,Pending,Card,1526.96,6
120,Customer_28,Customer28@gmail.com,Chicken,Meat,11,489.47,2025-02-03,Delivered,UPI,5384.17,2
121,Customer_135,Customer135@gmail.com,Apple,Fruits,4,401.12,2025-07-21,Delivered,Cash,1604.48,7
122,Customer_72,Customer72@gmail.com,Apple,Fruits,1,258.68,2025-08-23,Delivered,Cash,258.68,8
123,Customer_12,Customer12@gmail.com,Orange,Fruits,15,183.09,2025-09-14,Delivered,Card,2746.35,9
124,Customer_162,Customer162@gmail.com,Banana,Fruits,4,438.63,2025-05-17,Delivered,Cash,1754.52,5
125,Customer_33,Customer33@gmail.com,Eggs,Dairy,14,281.53,2025-07-25,Cancelled,Card,3941.4199999999996,7
126,Customer_48,Customer48@gmail.com,Butter,Dairy,11,384.04,2025-06-14,Delivered,Card,4224.4400000000005,6
127,Customer_151,Customer151@gmail.com,Butter,Dairy,3,381.97,2025-09-03,Delivered,UPI,1145.91,9
128,Customer_62,Customer62@gmail.com,Milk,Dairy,14,28.61,2025-08-01,Pending,Card,400.53999999999996,8
129,Customer_37,Customer37@gmail.com,Orange,Fruits,10,80.6,2025-07-11,Cancelled,Card,806.0,7
130,Customer_99,Customer99@gmail.com,Milk,Dairy,15,336.62,2025-04-02,Pending,UPI,5049.3,4
131,Customer_172,Customer172@gmail.com,Cheese,Dairy,6,97.58,2025-01-01,Delivered,Card,585.48,1
132,Customer_104,Customer104@gmail.com,Cheese,Dairy,5,142.64,2025-03-05,Delivered,Card,713.1999999999999,3
133,Customer_35,Customer35@gmail.com,Milk,Dairy,13,474.39,2025-02-12,Delivered,Card,6167.07,2
134,Customer_193,Customer193@gmail.com,Orange,Fruits,1,288.89,2025-06-13,Delivered,Card,288.89,6
135,Customer_101,Customer101@gmail.com,Milk,Dairy,11,380.35,2025-08-12,Delivered,Card,4183.85,8
136,Customer_175,Customer175@gmail.com,Butter,Dairy,10,287.83,2025-03-19,Delivered,UPI,2878.2999999999997,3
137,Customer_131,Customer131@gmail.com,Tomato,Vegetables,10,285.21,2025-12-09,Cancelled,UPI,2852.1,12
138,Customer_1,Customer1@gmail.com,Bread,Bakery,12,65.19,2025-01-03,Delivered,Card,782.28,1
139,Customer_5,Customer5@gmail.com,Apple,Fruits,4,184.96,2025-10-09,Delivered,Cash,739.84,10
140,Customer_142,Customer142@gmail.com,Bread,Bakery,6,155.57,2025-08-17,Delivered,Card,933.42,8
141,Customer_103,Customer103@gmail.com,Orange,Fruits,10,207.55,2025-05-17,Delivered,Card,2075.5,5
142,Customer_27,Customer27@gmail.com,Bread,Bakery,6,403.21,2025-01-19,Delivered,Cash,2419.2599999999998,1
143,Customer_137,Customer137@gmail.com,Cheese,Dairy,15,198.53,2025-08-18,Delivered,Card,2977.95,8
144,Customer_15,Customer15@gmail.com,Chicken,Meat,14,236.81,2025-05-21,Delivered,Cash,3315.34,5
145,Customer_90,Customer90@gmail.com,Apple,Fruits,4,210.74,2025-12-08,Pending,Card,842.96,12
146,Customer_42,Customer42@gmail.com,Eggs,Dairy,11,64.84,2025-07-17,Delivered,UPI,713.24,7
147,Customer_124,Customer124@gmail.com,Orange,Fruits,14,231.71,2025-12-09,Cancelled,Card,3243.94,12
148,Customer_179,Customer179@gmail.com,Apple,Fruits,8,113.89,2025-03-22,Delivered,Card,911.12,3
149,Customer_63,Customer63@gmail.com,Bread,Bakery,3,109.63,2025-09-22,Delivered,Card,328.89,9
150,Customer_96,Customer96@gmail.com,Cheese,Dairy,10,65.14,2025-08-14,Delivered,UPI,651.4,8
151,Customer_52,Customer52@gmail.com,Banana,Fruits,2,191.2,2025-09-27,Delivered,UPI,382.4,9
152,Customer_96,Customer96@gmail.com,Tomato,Vegetables,14,383.59,2025-03-20,Delivered,Cash,5370.259999999999,3
153,Customer_132,Customer132@gmail.com,Eggs,Dairy,3,152.69,2025-08-31,Delivered,Card,458.07,8
154,Customer_151,Customer151@gmail.com,Tomato,Vegetables,4,169.93,2025-07-01,Pending,Card,679.72,7
155,Customer_143,Customer143@gmail.com,Apple,Fruits,12,328.48,2025-09-29,Pending,Card,3941.76,9
156,Customer_171,Customer171@gmail.com,Cheese,Dairy,5,114.0,2025-04-30,Delivered,UPI,570.0,4
157,Customer_29,Customer29@gmail.com,Cheese,Dairy,2,450.54,2025-11-21,Pending,Cash,901.08,11
158,Customer_36,Customer36@gmail.com,Bread,Bakery,1,269.69,2025-01-31,Delivered,Card,269.69,1
159,Customer_13,Customer13@gmail.com,Butter,Dairy,13,234.85,2025-10-22,Pending,UPI,3053.0499999999997,10
160,Customer_160,Customer160@gmail.com,Bread,Bakery,12,287.75,2025-11-11,Delivered,Card,3453.0,11
161,Customer_71,Customer71@gmail.com,Butter,Dairy,3,99.7,2025-10-26,Delivered,UPI,299.1,10
162,Customer_187,Customer187@gmail.com,Butter,Dairy,15,314.47,2025-07-07,Pending,Cash,4717.05,7
163,Customer_86,Customer86@gmail.com,Eggs,Dairy,4,194.29,2025-06-10,Delivered,Card,777.16,6
164,Customer_28,Customer28@gmail.com,Bread,Bakery,3,450.65,2025-12-30,Pending,Card,1351.9499999999998,12
165,Customer_66,Customer66@gmail.com,Banana,Fruits,13,101.05,2025-03-25,Delivered,Cash,1313.6499999999999,3
166,Customer_170,Customer170@gmail.com,Milk,Dairy,10,263.38,2025-07-19,Delivered,Cash,2633.8,7
167,Customer_45,Customer45@gmail.com,Milk,Dairy,12,307.09,2025-09-02,Delivered,UPI,3685.08,9
168,Customer_62,Customer62@gmail.com,Bread,Bakery,14,36.02,2025-09-13,Delivered,UPI,504.28000000000003,9
169,Customer_185,Customer185@gmail.com,Bread,Bakery,11,194.57,2025-03-16,Delivered,Card,2140.27,3
170,Customer_134,Customer134@gmail.com,Tomato,Vegetables,2,371.66,2025-08-27,Pending,UPI,743.32,8
171,Customer_28,Customer28@gmail.com,Eggs,Dairy,7,413.78,2025-10-26,Delivered,Cash,2896.46,10
172,Customer_28,Customer28@gmail.com,Bread,Bakery,15,170.32,2025-01-19,Pending,UPI,2554.7999999999997,1
173,Customer_108,Customer108@gmail.com,Tomato,Vegetables,9,403.32,2025-11-29,Pending,Card,3629.88,11
174,Customer_44,Customer44@gmail.com,Butter,Dairy,3,484.52,2025-01-11,Delivered,Card,1453.56,1
175,Customer_84,Customer84@gmail.com,Cheese,Dairy,13,431.3,2025-05-10,Pending,Card,5606.900000000001,5
176,Customer_30,Customer30@gmail.com,Cheese,Dairy,1,76.47,2025-01-06,Cancelled,Card,76.47,1
177,Customer_190,Customer190@gmail.com,Butter,Dairy,1,375.07,2025-01-29,Pending,Card,375.07,1
178,Customer_75,Customer75@gmail.com,Orange,Fruits,0,173.44,2025-11-29,Pending,Card,0.0,11
179,Customer_128,Customer128@gmail.com,Tomato,Vegetables,12,494.44,2025-05-10,Cancelled,Card,5933.28,5
180,Customer_92,Customer92@gmail.com,Tomato,Vegetables,3,252.97,2025-06-05,Delivered,Card,758.91,6
181,Customer_190,Customer190@gmail.com,Butter,Dairy,9,78.77,2025-03-20,Delivered,UPI,708.93,3
182,Customer_129,Customer129@gmail.com,Banana,Fruits,8,368.09,2025-08-06,Pending,Card,2944.72,8
183,Customer_121,Customer121@gmail.com,Chicken,Meat,13,175.05,2025-08-06,Delivered,Card,2275.65,8
184,Customer_27,Customer27@gmail.com,Apple,Fruits,10,498.6,2025-05-16,Delivered,Card,4986.0,5
185,Customer_190,Customer190@gmail.com,Butter,Dairy,6,490.3,2025-05-02,Delivered,Card,2941.8,5
186,Customer_121,Customer121@gmail.com,Bread,Bakery,14,334.94,2025-11-20,Pending,UPI,4689.16,11
187,Customer_116,Customer116@gmail.com,Bread,Bakery,11,82.32,2025-05-20,Delivered,Card,905.52,5
188,Customer_3,Customer3@gmail.com,Eggs,Dairy,9,349.69,2025-06-30,Cancelled,UPI,3147.21,6
189,Customer_103,Customer103@gmail.com,Butter,Dairy,6,64.65,2025-04-14,Delivered,Cash,387.90000000000003,4
190,Customer_198,Customer198@gmail.com,Eggs,Dairy,12,34.09,2025-10-15,Delivered,UPI,409.08000000000004,10
191,Customer_200,Customer200@gmail.com,Butter,Dairy,14,415.02,2025-05-26,Delivered,UPI,5810.28,5
192,Customer_155,Customer155@gmail.com,Tomato,Vegetables,6,120.68,2025-07-07,Delivered,Cash,724.08,7
193,Customer_137,Customer137@gmail.com,Apple,Fruits,14,201.93,2025-04-03,Delivered,UPI,2827.02,4
194,Customer_62,Customer62@gmail.com,Tomato,Vegetables,7,487.26,2025-12-27,Cancelled,Card,3410.8199999999997,12
195,Customer_165,Customer165@gmail.com,Chicken,Meat,0,181.68,2025-04-17,Pending,Card,0.0,4
196,Customer_51,Customer51@gmail.com,Cheese,Dairy,9,162.32,2025-10-09,Delivered,Cash,1460.8799999999999,10
197,Customer_172,Customer172@gmail.com,Milk,Dairy,12,460.74,2025-06-06,Delivered,Card,5528.88,6
198,Customer_152,Customer152@gmail.com,Butter,Dairy,9,73.16,2025-03-17,Pending,Card,658.4399999999999,3
199,Customer_59,Customer59@gmail.com,Chicken,Meat,7,384.6,2025-10-19,Cancelled,UPI,2692.2000000000003,10
200,Customer_118,Customer118@gmail.com,Cheese,Dairy,3,494.27,2025-05-02,Delivered,Cash,1482.81,5
201,Customer_160,Customer160@gmail.com,Orange,Fruits,3,452.62,2025-11-12,Delivered,Card,1357.8600000000001,11
202,Customer_96,Customer96@gmail.com,Apple,Fruits,3,332.8,2025-12-01,Delivered,UPI,998.4000000000001,12
203,Customer_180,Customer180@gmail.com,Eggs,Dairy,5,170.75,2025-11-10,Pending,Card,853.75,11
204,Customer_113,Customer113@gmail.com,Eggs,Dairy,6,142.07,2025-01-13,Delivered,UPI,852.42,1
205,Customer_62,Customer62@gmail.com,Tomato,Vegetables,5,413.24,2025-10-15,Delivered,Card,2066.2,10
206,Customer_186,Customer186@gmail.com,Bread,Bakery,0,442.31,2025-05-31,Delivered,Card,0.0,5
207,Customer_52,Customer52@gmail.com,Cheese,Dairy,11,272.21,2025-11-15,Pending,Cash,2994.31,11
208,Customer_12,Customer12@gmail.com,Orange,Fruits,7,137.28,2025-08-21,Delivered,Card,960.96,8
209,Customer_39,Customer39@gmail.com,Chicken,Meat,12,74.21,2025-11-01,Delivered,UPI,890.52,11
210,Customer_130,Customer130@gmail.com,Apple,Fruits,9,61.85,2025-07-02,Delivered,Card,556.65,7
211,Customer_131,Customer131@gmail.com,Cheese,Dairy,14,365.16,2025-07-15,Delivered,Card,5112.240000000001,7
212,Customer_113,Customer113@gmail.com,Orange,Fruits,10,221.66,2025-02-22,Delivered,UPI,2216.6,2
213,Customer_101,Customer101@gmail.com,Milk,Dairy,12,454.57,2025-10-14,Pending,Card,5454.84,10
214,Customer_113,Customer113@gmail.com,Butter,Dairy,6,375.04,2025-06-03,Pending,Card,2250.2400000000002,6
215,Customer_184,Customer184@gmail.com,Eggs,Dairy,5,111.81,2025-07-02,Pending,Card,559.05,7
216,Customer_81,Customer81@gmail.com,Chicken,Meat,5,314.61,2025-10-14,Pending,UPI,1573.0500000000002,10
217,Customer_187,Customer187@gmail.com,Eggs,Dairy,4,229.04,2025-08-07,Delivered,Cash,916.16,8
218,Customer_113,Customer113@gmail.com,Chicken,Meat,5,297.08,2025-03-15,Pending,Cash,1485.3999999999999,3
219,Customer_2,Customer2@gmail.com,Tomato,Vegetables,11,374.27,2025-08-04,Delivered,Card,4116.969999999999,8
220,Customer_130,Customer130@gmail.com,Bread,Bakery,8,406.97,2025-05-29,Delivered,Card,3255.76,5
221,Customer_54,Customer54@gmail.com,Chicken,Meat,9,424.99,2025-06-21,Cancelled,Card,3824.91,6
222,Customer_87,Customer87@gmail.com,Eggs,Dairy,8,141.91,2025-01-11,Delivered,Cash,1135.28,1
223,Customer_129,Customer129@gmail.com,Tomato,Vegetables,14,34.94,2025-03-18,Delivered,Card,489.15999999999997,3
224,Customer_147,Customer147@gmail.com,Chicken,Meat,9,374.86,2025-04-13,Delivered,Cash,3373.7400000000002,4
225,Customer_126,Customer126@gmail.com,Milk,Dairy,7,71.04,2025-09-18,Delivered,Card,497.28000000000003,9
226,Customer_130,Customer130@gmail.com,Bread,Bakery,9,171.16,2025-01-05,Delivered,Cash,1540.44,1
227,Customer_53,Customer53@gmail.com,Chicken,Meat,8,21.83,2025-05-30,Pending,Cash,174.64,5
228,Customer_172,Customer172@gmail.com,Tomato,Vegetables,12,347.2,2025-12-04,Cancelled,Cash,4166.4,12
229,Customer_160,Customer160@gmail.com,Cheese,Dairy,9,100.22,2025-02-10,Delivered,Card,901.98,2
230,Customer_198,Customer198@gmail.com,Banana,Fruits,7,334.54,2025-07-08,Delivered,Card,2341.78,7
231,Customer_160,Customer160@gmail.com,Orange,Fruits,7,496.04,2025-10-15,Delivered,Card,3472.28,10
232,Customer_68,Customer68@gmail.com,Banana,Fruits,15,54.88,2025-12-11,Pending,Card,823.2,12
233,Customer_183,Customer183@gmail.com,Banana,Fruits,0,57.0,2025-09-30,Delivered,Card,0.0,9
234,Customer_184,Customer184@gmail.com,Apple,Fruits,9,183.38,2025-09-21,Delivered,UPI,1650.42,9
235,Customer_123,Customer123@gmail.com,Milk,Dairy,10,435.87,2025-10-29,Delivered,Card,4358.7,10
236,Customer_145,Customer145@gmail.com,Cheese,Dairy,4,123.45,2025-06-12,Delivered,UPI,493.8,6
237,Customer_38,Customer38@gmail.com,Butter,Dairy,3,192.98,2025-10-22,Delivered,UPI,578.9399999999999,10
238,Customer_24,Customer24@gmail.com,Chicken,Meat,1,52.88,2025-01-03,Pending,Card,52.88,1
239,Customer_69,Customer69@gmail.com,Orange,Fruits,7,386.31,2025-12-04,Delivered,Cash,2704.17,12
240,Customer_116,Customer116@gmail.com,Bread,Bakery,2,215.99,2025-06-11,Delivered,Card,431.98,6
241,Customer_98,Customer98@gmail.com,Cheese,Dairy,3,384.44,2025-07-21,Delivered,Card,1153.32,7
242,Customer_198,Customer198@gmail.com,Eggs,Dairy,11,453.73,2025-04-04,Pending,Card,4991.030000000001,4
243,Customer_139,Customer139@gmail.com,Butter,Dairy,6,131.73,2025-09-29,Delivered,Cash,790.3799999999999,9
244,Customer_144,Customer144@gmail.com,Apple,Fruits,9,407.55,2025-01-28,Delivered,Card,3667.9500000000003,1
245,Customer_97,Customer97@gmail.com,Apple,Fruits,8,48.37,2025-11-15,Delivered,Card,386.96,11
246,Customer_124,Customer124@gmail.com,Cheese,Dairy,1,451.45,2025-10-30,Delivered,UPI,451.45,10
247,Customer_187,Customer187@gmail.com,Tomato,Vegetables,2,332.37,2025-03-20,Pending,Card,664.74,3
248,Customer_70,Customer70@gmail.com,Banana,Fruits,3,439.63,2025-10-23,Delivered,UPI,1318.8899999999999,10
249,Customer_93,Customer93@gmail.com,Eggs,Dairy,9,20.09,2025-10-15,Cancelled,Cash,180.81,10
250,Customer_3,Customer3@gmail.com,Apple,Fruits,0,101.16,2025-08-19,Delivered,Cash,0.0,8
251,Customer_148,Customer148@gmail.com,Orange,Fruits,6,207.08,2025-05-17,Pending,Card,1242.48,5
252,Customer_187,Customer187@gmail.com,Apple,Fruits,1,202.16,2025-04-10,Delivered,Card,202.16,4
253,Customer_164,Customer164@gmail.com,Bread,Bakery,4,128.83,2025-03-26,Pending,Card,515.32,3
254,Customer_147,Customer147@gmail.com,Chicken,Meat,14,203.17,2025-04-27,Delivered,Card,2844.3799999999997,4
255,Customer_90,Customer90@gmail.com,Apple,Fruits,0,81.85,2025-11-26,Delivered,Card,0.0,11
256,Customer_195,Customer195@gmail.com,Bread,Bakery,2,218.13,2025-01-29,Pending,Card,436.26,1
257,Customer_147,Customer147@gmail.com,Cheese,Dairy,11,405.13,2025-10-30,Delivered,Cash,4456.43,10
258,Customer_148,Customer148@gmail.com,Cheese,Dairy,1,249.95,2025-05-08,Delivered,Cash,249.95,5
259,Customer_96,Customer96@gmail.com,Butter,Dairy,0,28.64,2025-07-10,Delivered,Card,0.0,7
260,Customer_199,Customer199@gmail.com,Apple,Fruits,6,222.29,2025-10-17,Delivered,Card,1333.74,10
261,Customer_52,Customer52@gmail.com,Orange,Fruits,4,33.04,2025-11-19,Delivered,Card,132.16,11
262,Customer_161,Customer161@gmail.com,Apple,Fruits,0,483.8,2025-05-06,Delivered,Card,0.0,5
263,Customer_168,Customer168@gmail.com,Orange,Fruits,5,81.18,2025-06-18,Delivered,UPI,405.90000000000003,6
264,Customer_128,Customer128@gmail.com,Milk,Dairy,15,359.69,2025-06-01,Pending,UPI,5395.35,6
265,Customer_39,Customer39@gmail.com,Butter,Dairy,4,486.93,2025-01-05,Delivered,Cash,1947.72,1
266,Customer_82,Customer82@gmail.com,Milk,Dairy,14,416.5,2025-04-19,Pending,UPI,5831.0,4
267,Customer_104,Customer104@gmail.com,Apple,Fruits,2,355.67,2025-06-17,Cancelled,UPI,711.34,6
268,Customer_129,Customer129@gmail.com,Butter,Dairy,11,422.94,2025-05-31,Delivered,UPI,4652.34,5
269,Customer_11,Customer11@gmail.com,Milk,Dairy,6,491.26,2025-09-21,Delivered,Card,2947.56,9
270,Customer_185,Customer185@gmail.com,Banana,Fruits,15,318.25,2025-05-21,Delivered,UPI,4773.75,5
271,Customer_178,Customer178@gmail.com,Apple,Fruits,10,288.41,2025-06-28,Delivered,Card,2884.1000000000004,6
272,Customer_151,Customer151@gmail.com,Milk,Dairy,9,321.55,2025-06-06,Cancelled,Card,2893.9500000000003,6
273,Customer_159,Customer159@gmail.com,Banana,Fruits,8,275.68,2025-09-28,Delivered,Card,2205.44,9
274,Customer_42,Customer42@gmail.com,Banana,Fruits,13,324.84,2025-11-11,Delivered,Card,4222.92,11
275,Customer_99,Customer99@gmail.com,Cheese,Dairy,12,235.92,2025-07-14,Delivered,Cash,2831.04,7
276,Customer_7,Customer7@gmail.com,Apple,Fruits,12,124.85,2025-10-16,Delivered,Card,1498.1999999999998,10
277,Customer_144,Customer144@gmail.com,Banana,Fruits,8,77.72,2025-04-19,Delivered,Card,621.76,4
278,Customer_90,Customer90@gmail.com,Cheese,Dairy,13,52.8,2025-07-17,Delivered,Card,686.4,7
279,Customer_112,Customer112@gmail.com,Milk,Dairy,8,146.39,2025-05-07,Cancelled,UPI,1171.12,5
280,Customer_60,Customer60@gmail.com,Bread,Bakery,1,42.14,2025-06-01,Delivered,Card,42.14,6
281,Customer_113,Customer113@gmail.com,Apple,Fruits,15,292.24,2025-09-25,Delivered,Cash,4383.6,9
282,Customer_2,Customer2@gmail.com,Butter,Dairy,2,156.24,2025-11-18,Pending,Cash,312.48,11
283,Customer_129,Customer129@gmail.com,Orange,Fruits,6,415.78,2025-02-14,Delivered,UPI,2494.68,2
284,Customer_48,Customer48@gmail.com,Orange,Fruits,4,55.64,2025-08-20,Cancelled,UPI,222.56,8
285,Customer_140,Customer140@gmail.com,Milk,Dairy,1,128.65,2025-08-01,Cancelled,Card,128.65,8
286,Customer_197,Customer197@gmail.com,Tomato,Vegetables,2,370.52,2025-02-13,Pending,Card,741.04,2
287,Customer_37,Customer37@gmail.com,Tomato,Vegetables,9,307.43,2025-03-19,Pending,UPI,2766.87,3
288,Customer_160,Customer160@gmail.com,Milk,Dairy,5,50.96,2025-04-24,Delivered,Card,254.8,4
289,Customer_9,Customer9@gmail.com,Banana,Fruits,12,441.07,2025-03-02,Cancelled,Card,5292.84,3
290,Customer_99,Customer99@gmail.com,Apple,Fruits,6,441.09,2025-03-30,Delivered,UPI,2646.54,3
291,Customer_147,Customer147@gmail.com,Orange,Fruits,8,178.6,2025-04-08,Pending,Card,1428.8,4
292,Customer_48,Customer48@gmail.com,Orange,Fruits,0,183.39,2025-05-03,Cancelled,Cash,0.0,5
293,Customer_131,Customer131@gmail.com,Banana,Fruits,10,494.73,2025-10-01,Cancelled,Card,4947.3,10
294,Customer_148,Customer148@gmail.com,Orange,Fruits,6,320.56,2025-07-28,Pending,UPI,1923.3600000000001,7
295,Customer_152,Customer152@gmail.com,Butter,Dairy,7,275.03,2025-12-26,Delivered,UPI,1925.2099999999998,12
296,Customer_54,Customer54@gmail.com,Apple,Fruits,11,422.31,2025-06-01,Cancelled,UPI,4645.41,6
297,Customer_120,Customer120@gmail.com,Chicken,Meat,13,156.94,2025-10-03,Delivered,Card,2040.22,10
298,Customer_161,Customer161@gmail.com,Orange,Fruits,2,226.01,2025-11-15,Cancelled,UPI,452.02,11
299,Customer_152,Customer152@gmail.com,Milk,Dairy,3,148.53,2025-09-05,Delivered,Cash,445.59000000000003,9
300,Customer_116,Customer116@gmail.com,Butter,Dairy,9,398.8,2025-05-31,Delivered,Card,3589.2000000000003,5
301,Customer_75,Customer75@gmail.com,Orange,Fruits,5,295.21,2025-10-03,Delivered,Card,1476.05,10
302,Customer_113,Customer113@gmail.com,Butter,Dairy,9,336.24,2025-03-16,Delivered,UPI,3026.16,3
303,Customer_200,Customer200@gmail.com,Cheese,Dairy,15,141.11,2025-04-30,Pending,UPI,2116.65,4
304,Customer_164,Customer164@gmail.com,Chicken,Meat,6,125.71,2025-07-19,Delivered,Card,754.26,7
305,Customer_166,Customer166@gmail.com,Eggs,Dairy,12,254.42,2025-07-30,Delivered,Cash,3053.04,7
306,Customer_104,Customer104@gmail.com,Milk,Dairy,13,374.03,2025-01-09,Delivered,Card,4862.389999999999,1
307,Customer_84,Customer84@gmail.com,Milk,Dairy,3,272.12,2025-12-11,Pending,Card,816.36,12
308,Customer_112,Customer112@gmail.com,Apple,Fruits,7,35.67,2025-09-12,Delivered,UPI,249.69,9
309,Customer_99,Customer99@gmail.com,Butter,Dairy,4,436.9,2025-06-30,Delivered,UPI,1747.6,6
310,Customer_153,Customer153@gmail.com,Banana,Fruits,0,51.05,2025-12-07,Delivered,Cash,0.0,12
311,Customer_93,Customer93@gmail.com,Milk,Dairy,3,478.8,2025-06-10,Delivered,Cash,1436.4,6
312,Customer_146,Customer146@gmail.com,Butter,Dairy,2,32.07,2025-12-24,Delivered,Card,64.14,12
313,Customer_128,Customer128@gmail.com,Butter,Dairy,8,353.34,2025-07-06,Delivered,Card,2826.72,7
314,Customer_110,Customer110@gmail.com,Bread,Bakery,7,59.46,2025-02-11,Delivered,Card,416.22,2
315,Customer_82,Customer82@gmail.com,Bread,Bakery,0,457.12,2025-10-07,Cancelled,UPI,0.0,10
316,Customer_194,Customer194@gmail.com,Eggs,Dairy,10,242.93,2025-09-05,Pending,Cash,2429.3,9
317,Customer_54,Customer54@gmail.com,Cheese,Dairy,5,86.01,2025-10-10,Delivered,Card,430.05,10
318,Customer_163,Customer163@gmail.com,Eggs,Dairy,8,183.59,2025-12-14,Cancelled,Card,1468.72,12
319,Customer_189,Customer189@gmail.com,Orange,Fruits,6,99.12,2025-10-11,Delivered,Card,594.72,10
320,Customer_169,Customer169@gmail.com,Banana,Fruits,3,101.88,2025-08-12,Delivered,Cash,305.64,8
321,Customer_161,Customer161@gmail.com,Orange,Fruits,12,475.09,2025-11-09,Delivered,Card,5701.08,11
322,Customer_68,Customer68@gmail.com,Tomato,Vegetables,0,233.72,2025-09-03,Delivered,Card,0.0,9
323,Customer_33,Customer33@gmail.com,Orange,Fruits,11,398.63,2025-05-29,Delivered,UPI,4384.93,5
324,Customer_142,Customer142@gmail.com,Apple,Fruits,1,327.01,2025-11-20,Delivered,Cash,327.01,11
325,Customer_21,Customer21@gmail.com,Orange,Fruits,11,344.68,2025-03-22,Delivered,UPI,3791.48,3
326,Customer_48,Customer48@gmail.com,Eggs,Dairy,4,83.21,2025-09-18,Pending,UPI,332.84,9
327,Customer_148,Customer148@gmail.com,Milk,Dairy,11,132.41,2025-11-18,Delivered,Card,1456.51,11
328,Customer_128,Customer128@gmail.com,Milk,Dairy,10,397.64,2025-09-24,Delivered,UPI,3976.3999999999996,9
329,Customer_136,Customer136@gmail.com,Bread,Bakery,15,485.97,2025-09-12,Delivered,UPI,7289.55,9
330,Customer_135,Customer135@gmail.com,Banana,Fruits,4,146.08,2025-10-02,Delivered,Cash,584.32,10
331,Customer_195,Customer195@gmail.com,Banana,Fruits,7,150.35,2025-06-19,Delivered,Card,1052.45,6
332,Customer_145,Customer145@gmail.com,Apple,Fruits,5,246.99,2025-11-16,Delivered,Card,1234.95,11
333,Customer_128,Customer128@gmail.com,Eggs,Dairy,7,492.24,2025-03-16,Pending,Card,3445.6800000000003,3
334,Customer_33,Customer33@gmail.com,Bread,Bakery,1,149.1,2025-02-16,Delivered,Card,149.1,2
335,Customer_176,Customer176@gmail.com,Tomato,Vegetables,2,215.35,2025-04-15,Delivered,Cash,430.7,4
336,Customer_187,Customer187@gmail.com,Banana,Fruits,5,447.91,2025-07-14,Delivered,Card,2239.55,7
337,Customer_115,Customer115@gmail.com,Milk,Dairy,11,21.4,2025-07-06,Delivered,Card,235.39999999999998,7
338,Customer_119,Customer119@gmail.com,Orange,Fruits,12,39.09,2025-10-27,Delivered,Card,469.08000000000004,10
339,Customer_22,Customer22@gmail.com,Orange,Fruits,9,309.95,2025-05-28,Delivered,Card,2789.5499999999997,5
340,Customer_158,Customer158@gmail.com,Bread,Bakery,2,455.54,2025-06-26,Delivered,Card,911.08,6
341,Customer_38,Customer38@gmail.com,Eggs,Dairy,5,134.65,2025-01-05,Delivered,Card,673.25,1
342,Customer_109,Customer109@gmail.com,Eggs,Dairy,5,245.43,2025-05-30,Delivered,Card,1227.15,5
343,Customer_51,Customer51@gmail.com,Cheese,Dairy,1,236.22,2025-08-25,Delivered,UPI,236.22,8
344,Customer_182,Customer182@gmail.com,Chicken,Meat,6,247.03,2025-01-06,Delivered,UPI,1482.18,1
345,Customer_8,Customer8@gmail.com,Banana,Fruits,11,318.81,2025-04-13,Delivered,Card,3506.91,4
346,Customer_27,Customer27@gmail.com,Eggs,Dairy,1,245.48,2025-03-17,Delivered,Cash,245.48,3
347,Customer_27,Customer27@gmail.com,Milk,Dairy,5,234.78,2025-01-16,Delivered,UPI,1173.9,1
348,Customer_21,Customer21@gmail.com,Bread,Bakery,0,247.66,2025-06-24,Delivered,UPI,0.0,6
349,Customer_30,Customer30@gmail.com,Tomato,Vegetables,2,303.62,2025-03-08,Delivered,Card,607.24,3
350,Customer_97,Customer97@gmail.com,Cheese,Dairy,1,277.76,2025-09-29,Delivered,Card,277.76,9
351,Customer_28,Customer28@gmail.com,Butter,Dairy,6,429.99,2025-11-06,Delivered,Card,2579.94,11
352,Customer_111,Customer111@gmail.com,Apple,Fruits,13,43.76,2025-07-19,Pending,Card,568.88,7
353,Customer_192,Customer192@gmail.com,Tomato,Vegetables,3,419.99,2025-12-25,Delivered,Card,1259.97,12
354,Customer_197,Customer197@gmail.com,Butter,Dairy,7,425.08,2025-06-14,Pending,Cash,2975.56,6
355,Customer_61,Customer61@gmail.com,Orange,Fruits,5,156.76,2025-07-07,Delivered,Card,783.8,7
356,Customer_48,Customer48@gmail.com,Apple,Fruits,11,242.17,2025-12-28,Delivered,Card,2663.87,12
357,Customer_147,Customer147@gmail.com,Banana,Fruits,9,230.5,2025-03-26,Delivered,UPI,2074.5,3
358,Customer_4,Customer4@gmail.com,Milk,Dairy,3,124.88,2025-12-11,Delivered,Card,374.64,12
359,Customer_35,Customer35@gmail.com,Apple,Fruits,4,210.46,2025-01-16,Delivered,UPI,841.84,1
360,Customer_192,Customer192@gmail.com,Chicken,Meat,12,41.31,2025-06-12,Delivered,UPI,495.72,6
361,Customer_49,Customer49@gmail.com,Butter,Dairy,12,153.35,2025-01-26,Delivered,UPI,1840.1999999999998,1
362,Customer_17,Customer17@gmail.com,Banana,Fruits,14,412.01,2025-09-24,Delivered,Cash,5768.139999999999,9
363,Customer_172,Customer172@gmail.com,Chicken,Meat,14,156.59,2025-08-11,Pending,Card,2192.26,8
364,Customer_158,Customer158@gmail.com,Orange,Fruits,8,412.74,2025-09-15,Cancelled,UPI,3301.92,9
365,Customer_46,Customer46@gmail.com,Chicken,Meat,6,275.17,2025-05-17,Delivered,Cash,1651.02,5
366,Customer_117,Customer117@gmail.com,Cheese,Dairy,15,442.33,2025-05-15,Delivered,UPI,6634.95,5
367,Customer_6,Customer6@gmail.com,Cheese,Dairy,9,295.89,2025-01-17,Delivered,Card,2663.0099999999998,1
368,Customer_99,Customer99@gmail.com,Bread,Bakery,13,34.24,2025-05-08,Delivered,Cash,445.12,5
369,Customer_124,Customer124@gmail.com,Tomato,Vegetables,13,344.2,2025-12-06,Delivered,Card,4474.599999999999,12
370,Customer_37,Customer37@gmail.com,Tomato,Vegetables,8,41.53,2025-05-19,Cancelled,Cash,332.24,5
371,Customer_24,Customer24@gmail.com,Banana,Fruits,6,236.29,2025-10-31,Delivered,Card,1417.74,10
372,Customer_93,Customer93@gmail.com,Orange,Fruits,15,466.12,2025-11-04,Delivered,UPI,6991.8,11
373,Customer_46,Customer46@gmail.com,Eggs,Dairy,11,99.3,2025-05-17,Delivered,Cash,1092.3,5
374,Customer_181,Customer181@gmail.com,Cheese,Dairy,0,207.14,2025-08-19,Pending,Card,0.0,8
375,Customer_95,Customer95@gmail.com,Banana,Fruits,15,370.33,2025-02-04,Delivered,Card,5554.95,2
376,Customer_99,Customer99@gmail.com,Eggs,Dairy,11,443.48,2025-02-07,Delivered,Card,4878.280000000001,2
377,Customer_188,Customer188@gmail.com,Tomato,Vegetables,7,342.05,2025-01-18,Cancelled,Cash,2394.35,1
378,Customer_116,Customer116@gmail.com,Bread,Bakery,3,143.92,2025-08-01,Delivered,Cash,431.76,8
379,Customer_191,Customer191@gmail.com,Chicken,Meat,2,343.81,2025-06-05,Pending,UPI,687.62,6
380,Customer_160,Customer160@gmail.com,Cheese,Dairy,15,162.43,2025-07-20,Delivered,UPI,2436.4500000000003,7
381,Customer_161,Customer161@gmail.com,Banana,Fruits,13,364.85,2025-07-10,Pending,Cash,4743.05,7
382,Customer_67,Customer67@gmail.com,Apple,Fruits,12,477.94,2025-05-08,Delivered,Card,5735.28,5
383,Customer_128,Customer128@gmail.com,Eggs,Dairy,6,366.27,2025-09-05,Delivered,Card,2197.62,9
384,Customer_18,Customer18@gmail.com,Chicken,Meat,11,434.18,2025-10-04,Pending,UPI,4775.9800000000005,10
385,Customer_25,Customer25@gmail.com,Cheese,Dairy,2,21.01,2025-01-06,Delivered,Card,42.02,1
386,Customer_54,Customer54@gmail.com,Tomato,Vegetables,7,364.43,2025-03-17,Delivered,Card,2551.01,3
387,Customer_58,Customer58@gmail.com,Orange,Fruits,5,418.2,2025-09-18,Delivered,Card,2091.0,9
388,Customer_67,Customer67@gmail.com,Eggs,Dairy,4,39.47,2025-05-22,Delivered,Card,157.88,5
389,Customer_104,Customer104@gmail.com,Tomato,Vegetables,3,438.37,2025-08-30,Delivered,Cash,1315.1100000000001,8
390,Customer_174,Customer174@gmail.com,Cheese,Dairy,7,143.21,2025-05-07,Delivered,Card,1002.47,5
391,Customer_24,Customer24@gmail.com,Eggs,Dairy,7,339.34,2025-05-23,Delivered,UPI,2375.3799999999997,5
392,Customer_114,Customer114@gmail.com,Chicken,Meat,11,404.17,2025-02-27,Delivered,Card,4445.87,2
393,Customer_32,Customer32@gmail.com,Cheese,Dairy,0,338.08,2025-04-05,Delivered,Card,0.0,4
394,Customer_175,Customer175@gmail.com,Butter,Dairy,8,64.3,2025-08-09,Delivered,Card,514.4,8
395,Customer_86,Customer86@gmail.com,Banana,Fruits,13,306.23,2025-06-08,Pending,UPI,3980.9900000000002,6
396,Customer_151,Customer151@gmail.com,Chicken,Meat,4,283.8,2025-10-10,Cancelled,UPI,1135.2,10
397,Customer_194,Customer194@gmail.com,Eggs,Dairy,3,452.15,2025-11-08,Pending,Cash,1356.4499999999998,11
398,Customer_127,Customer127@gmail.com,Orange,Fruits,5,214.04,2025-07-17,Delivered,UPI,1070.2,7
399,Customer_155,Customer155@gmail.com,Tomato,Vegetables,5,174.12,2025-10-04,Delivered,UPI,870.6,10
400,Customer_130,Customer130@gmail.com,Apple,Fruits,1,379.93,2025-04-23,Delivered,UPI,379.93,4
401,Customer_17,Customer17@gmail.com,Tomato,Vegetables,7,218.08,2025-06-01,Delivered,Cash,1526.5600000000002,6
402,Customer_104,Customer104@gmail.com,Eggs,Dairy,6,330.13,2025-09-18,Delivered,UPI,1980.78,9
403,Customer_161,Customer161@gmail.com,Tomato,Vegetables,15,330.3,2025-05-21,Delivered,Card,4954.5,5
404,Customer_137,Customer137@gmail.com,Banana,Fruits,0,446.26,2025-08-03,Delivered,UPI,0.0,8
405,Customer_43,Customer43@gmail.com,Cheese,Dairy,4,307.37,2025-03-09,Cancelled,UPI,1229.48,3
406,Customer_176,Customer176@gmail.com,Apple,Fruits,15,261.03,2025-08-07,Delivered,UPI,3915.45,8
407,Customer_39,Customer39@gmail.com,Milk,Dairy,11,86.66,2025-11-11,Delivered,Card,953.26,11
408,Customer_170,Customer170@gmail.com,Eggs,Dairy,5,75.55,2025-11-14,Delivered,Cash,377.75,11
409,Customer_26,Customer26@gmail.com,Bread,Bakery,3,94.07,2025-09-22,Delivered,Cash,282.21,9
410,Customer_99,Customer99@gmail.com,Milk,Dairy,1,102.49,2025-09-30,Pending,Card,102.49,9
411,Customer_50,Customer50@gmail.com,Tomato,Vegetables,12,326.18,2025-07-23,Delivered,Cash,3914.16,7
412,Customer_153,Customer153@gmail.com,Eggs,Dairy,13,375.67,2025-08-02,Delivered,Card,4883.71,8
413,Customer_152,Customer152@gmail.com,Butter,Dairy,3,274.4,2025-02-18,Delivered,Card,823.1999999999999,2
414,Customer_13,Customer13@gmail.com,Bread,Bakery,0,417.93,2025-06-12,Delivered,Card,0.0,6
415,Customer_60,Customer60@gmail.com,Apple,Fruits,6,495.81,2025-06-14,Delivered,Card,2974.86,6
416,Customer_135,Customer135@gmail.com,Orange,Fruits,1,413.61,2025-12-16,Pending,Cash,413.61,12
417,Customer_57,Customer57@gmail.com,Butter,Dairy,12,353.54,2025-06-07,Pending,Card,4242.4800000000005,6
418,Customer_36,Customer36@gmail.com,Milk,Dairy,1,275.6,2025-07-20,Pending,Card,275.6,7
419,Customer_173,Customer173@gmail.com,Cheese,Dairy,8,235.45,2025-07-14,Delivered,Card,1883.6,7
420,Customer_20,Customer20@gmail.com,Banana,Fruits,4,60.51,2025-08-21,Pending,Card,242.04,8
421,Customer_65,Customer65@gmail.com,Orange,Fruits,1,211.7,2025-10-01,Delivered,Card,211.7,10
422,Customer_8,Customer8@gmail.com,Butter,Dairy,10,456.86,2025-03-24,Delivered,UPI,4568.6,3
423,Customer_144,Customer144@gmail.com,Cheese,Dairy,8,407.85,2025-07-12,Delivered,Card,3262.8,7
424,Customer_142,Customer142@gmail.com,Cheese,Dairy,8,123.7,2025-10-29,Delivered,Cash,989.6,10
425,Customer_115,Customer115@gmail.com,Eggs,Dairy,0,243.97,2025-06-19,Delivered,Cash,0.0,6
426,Customer_143,Customer143@gmail.com,Butter,Dairy,10,412.03,2025-04-12,Pending,Card,4120.299999999999,4
427,Customer_92,Customer92@gmail.com,Apple,Fruits,2,52.34,2025-08-27,Delivered,Cash,104.68,8
428,Customer_98,Customer98@gmail.com,Tomato,Vegetables,3,205.95,2025-10-28,Delivered,Card,617.8499999999999,10
429,Customer_66,Customer66@gmail.com,Bread,Bakery,13,428.88,2025-01-24,Delivered,Card,5575.44,1
430,Customer_32,Customer32@gmail.com,Bread,Bakery,6,213.87,2025-10-11,Pending,Card,1283.22,10
431,Customer_191,Customer191@gmail.com,Milk,Dairy,9,57.26,2025-10-27,Cancelled,Card,515.34,10
432,Customer_86,Customer86@gmail.com,Milk,Dairy,3,280.42,2025-06-18,Pending,UPI,841.26,6
433,Customer_51,Customer51@gmail.com,Bread,Bakery,1,433.64,2025-12-25,Delivered,UPI,433.64,12
434,Customer_153,Customer153@gmail.com,Apple,Fruits,6,303.34,2025-10-15,Delivered,Card,1820.04,10
435,Customer_186,Customer186@gmail.com,Banana,Fruits,5,128.61,2025-10-10,Delivered,UPI,643.0500000000001,10
436,Customer_63,Customer63@gmail.com,Chicken,Meat,2,204.44,2025-09-30,Delivered,Card,408.88,9
437,Customer_190,Customer190@gmail.com,Tomato,Vegetables,5,236.06,2025-02-24,Delivered,UPI,1180.3,2
438,Customer_125,Customer125@gmail.com,Banana,Fruits,10,298.05,2025-03-21,Delivered,Card,2980.5,3
439,Customer_150,Customer150@gmail.com,Eggs,Dairy,14,384.49,2025-06-19,Delivered,Card,5382.860000000001,6
440,Customer_58,Customer58@gmail.com,Chicken,Meat,5,67.46,2025-04-07,Cancelled,Card,337.29999999999995,4
441,Customer_58,Customer58@gmail.com,Chicken,Meat,11,447.03,2025-06-01,Delivered,Card,4917.33,6
442,Customer_86,Customer86@gmail.com,Butter,Dairy,4,25.91,2025-11-21,Delivered,UPI,103.64,11
443,Customer_49,Customer49@gmail.com,Apple,Fruits,3,197.63,2025-10-28,Delivered,Cash,592.89,10
444,Customer_180,Customer180@gmail.com,Apple,Fruits,9,33.16,2025-08-18,Cancelled,Card,298.43999999999994,8
445,Customer_170,Customer170@gmail.com,Chicken,Meat,11,208.63,2025-11-10,Pending,UPI,2294.93,11
446,Customer_70,Customer70@gmail.com,Butter,Dairy,14,272.39,2025-10-14,Pending,UPI,3813.46,10
447,Customer_15,Customer15@gmail.com,Tomato,Vegetables,0,265.61,2025-06-06,Cancelled,Cash,0.0,6
448,Customer_54,Customer54@gmail.com,Chicken,Meat,9,99.5,2025-03-15,Delivered,Card,895.5,3
449,Customer_188,Customer188@gmail.com,Orange,Fruits,5,329.96,2025-07-07,Delivered,Card,1649.8,7
450,Customer_101,Customer101@gmail.com,Milk,Dairy,1,41.49,2025-09-26,Delivered,Cash,41.49,9
451,Customer_8,Customer8@gmail.com,Milk,Dairy,12,385.72,2025-06-09,Delivered,UPI,4628.64,6
452,Customer_53,Customer53@gmail.com,Banana,Fruits,2,474.39,2025-09-01,Delivered,Card,948.78,9
453,Customer_60,Customer60@gmail.com,Eggs,Dairy,13,183.09,2025-02-04,Delivered,Card,2380.17,2
454,Customer_108,Customer108@gmail.com,Milk,Dairy,7,268.27,2025-10-01,Cancelled,Card,1877.8899999999999,10
455,Customer_5,Customer5@gmail.com,Cheese,Dairy,9,201.88,2025-10-24,Cancelled,UPI,1816.92,10
456,Customer_103,Customer103@gmail.com,Banana,Fruits,13,23.22,2025-09-15,Pending,UPI,301.86,9
457,Customer_196,Customer196@gmail.com,Milk,Dairy,13,205.22,2025-12-20,Pending,Card,2667.86,12
458,Customer_6,Customer6@gmail.com,Eggs,Dairy,5,400.03,2025-10-29,Delivered,UPI,2000.1499999999999,10
459,Customer_109,Customer109@gmail.com,Apple,Fruits,2,306.07,2025-11-26,Delivered,UPI,612.14,11
460,Customer_116,Customer116@gmail.com,Apple,Fruits,15,68.6,2025-12-07,Delivered,UPI,1029.0,12
461,Customer_94,Customer94@gmail.com,Tomato,Vegetables,6,426.63,2025-10-20,Delivered,UPI,2559.7799999999997,10
462,Customer_47,Customer47@gmail.com,Chicken,Meat,3,274.92,2025-09-04,Pending,Cash,824.76,9
463,Customer_99,Customer99@gmail.com,Orange,Fruits,13,424.03,2025-01-03,Delivered,Card,5512.389999999999,1
464,Customer_55,Customer55@gmail.com,Apple,Fruits,8,298.51,2025-06-20,Cancelled,Cash,2388.08,6
465,Customer_168,Customer168@gmail.com,Butter,Dairy,14,288.65,2025-07-28,Delivered,Card,4041.0999999999995,7
466,Customer_52,Customer52@gmail.com,Milk,Dairy,4,70.52,2025-04-21,Delivered,Card,282.08,4
467,Customer_144,Customer144@gmail.com,Butter,Dairy,2,100.33,2025-04-27,Delivered,Card,200.66,4
468,Customer_13,Customer13@gmail.com,Eggs,Dairy,1,486.57,2025-12-17,Delivered,Card,486.57,12
469,Customer_114,Customer114@gmail.com,Apple,Fruits,10,129.67,2025-11-22,Delivered,Card,1296.6999999999998,11
470,Customer_124,Customer124@gmail.com,Orange,Fruits,1,489.18,2025-11-06,Delivered,Card,489.18,11
471,Customer_106,Customer106@gmail.com,Eggs,Dairy,2,275.32,2025-05-29,Pending,Cash,550.64,5
472,Customer_158,Customer158@gmail.com,Cheese,Dairy,1,85.18,2025-01-05,Delivered,Card,85.18,1
473,Customer_147,Customer147@gmail.com,Cheese,Dairy,13,67.67,2025-01-30,Delivered,UPI,879.71,1
474,Customer_145,Customer145@gmail.com,Butter,Dairy,3,120.25,2025-04-24,Delivered,Card,360.75,4
475,Customer_120,Customer120@gmail.com,Chicken,Meat,1,464.31,2025-01-06,Delivered,Cash,464.31,1
476,Customer_63,Customer63@gmail.com,Banana,Fruits,15,218.79,2025-01-07,Cancelled,UPI,3281.85,1
477,Customer_19,Customer19@gmail.com,Chicken,Meat,9,209.81,2025-12-01,Delivered,Card,1888.29,12
478,Customer_92,Customer92@gmail.com,Tomato,Vegetables,8,170.34,2025-09-15,Cancelled,UPI,1362.72,9
479,Customer_58,Customer58@gmail.com,Chicken,Meat,1,90.59,2025-04-23,Delivered,UPI,90.59,4
480,Customer_183,Customer183@gmail.com,Tomato,Vegetables,8,254.17,2025-02-18,Cancelled,UPI,2033.36,2
481,Customer_90,Customer90@gmail.com,Tomato,Vegetables,12,82.42,2025-07-06,Delivered,UPI,989.04,7
482,Customer_117,Customer117@gmail.com,Orange,Fruits,5,421.03,2025-01-02,Delivered,UPI,2105.1499999999996,1
483,Customer_62,Customer62@gmail.com,Apple,Fruits,0,197.79,2025-12-09,Delivered,UPI,0.0,12
484,Customer_23,Customer23@gmail.com,Orange,Fruits,3,199.91,2025-06-01,Delivered,Card,599.73,6
485,Customer_127,Customer127@gmail.com,Tomato,Vegetables,14,247.52,2025-05-27,Delivered,Card,3465.28,5
486,Customer_137,Customer137@gmail.com,Eggs,Dairy,13,233.18,2025-05-23,Delivered,Cash,3031.34,5
487,Customer_140,Customer140@gmail.com,Cheese,Dairy,0,497.53,2025-01-26,Delivered,Card,0.0,1
488,Customer_129,Customer129@gmail.com,Tomato,Vegetables,13,281.78,2025-08-21,Delivered,Card,3663.1399999999994,8
489,Customer_58,Customer58@gmail.com,Orange,Fruits,15,62.34,2025-09-25,Delivered,Card,935.1,9
490,Customer_122,Customer122@gmail.com,Eggs,Dairy,5,311.3,2025-09-04,Pending,Card,1556.5,9
491,Customer_1,Customer1@gmail.com,Orange,Fruits,13,92.76,2025-02-20,Delivered,Cash,1205.88,2
492,Customer_34,Customer34@gmail.com,Chicken,Meat,12,34.85,2025-07-31,Delivered,Card,418.20000000000005,7
493,Customer_96,Customer96@gmail.com,Milk,Dairy,3,485.96,2025-07-27,Delivered,Card,1457.8799999999999,7
494,Customer_126,Customer126@gmail.com,Butter,Dairy,2,391.3,2025-11-13,Pending,UPI,782.6,11
495,Customer_118,Customer118@gmail.com,Banana,Fruits,2,490.45,2025-05-19,Delivered,Cash,980.9,5
496,Customer_48,Customer48@gmail.com,Orange,Fruits,8,249.38,2025-05-16,Delivered,Card,1995.04,5
497,Customer_89,Customer89@gmail.com,Banana,Fruits,5,275.48,2025-08-14,Cancelled,Card,1377.4,8
498,Customer_117,Customer117@gmail.com,Bread,Bakery,8,100.8,2025-08-20,Pending,Cash,806.4,8
499,Customer_129,Customer129@gmail.com,Orange,Fruits,12,138.52,2025-06-21,Delivered,UPI,1662.2400000000002,6
500,Customer_16,Customer16@gmail.com,Milk,Dairy,4,422.5,2025-06-11,Delivered,Card,1690.0,6
501,Customer_189,Customer189@gmail.com,Banana,Fruits,1,190.97,2025-06-30,Pending,Card,190.97,6
502,Customer_192,Customer192@gmail.com,Tomato,Vegetables,7,416.87,2025-11-11,Delivered,Card,2918.09,11
503,Customer_191,Customer191@gmail.com,Orange,Fruits,4,360.33,2025-06-18,Delivered,Card,1441.32,6
504,Customer_69,Customer69@gmail.com,Apple,Fruits,1,105.04,2025-12-10,Delivered,Card,105.04,12
505,Customer_22,Customer22@gmail.com,Butter,Dairy,3,263.57,2025-07-03,Pending,Cash,790.71,7
506,Customer_93,Customer93@gmail.com,Milk,Dairy,8,345.15,2025-12-13,Delivered,Card,2761.2,12
507,Customer_195,Customer195@gmail.com,Banana,Fruits,14,132.82,2025-10-31,Pending,UPI,1859.48,10
508,Customer_76,Customer76@gmail.com,Milk,Dairy,3,418.73,2025-05-13,Delivered,Card,1256.19,5
509,Customer_154,Customer154@gmail.com,Eggs,Dairy,12,281.52,2025-11-12,Delivered,UPI,3378.24,11
510,Customer_144,Customer144@gmail.com,Butter,Dairy,11,99.32,2025-02-10,Delivered,UPI,1092.52,2
511,Customer_179,Customer179@gmail.com,Tomato,Vegetables,11,299.83,2025-12-04,Delivered,Card,3298.1299999999997,12
512,Customer_86,Customer86@gmail.com,Orange,Fruits,15,499.86,2025-08-19,Cancelled,UPI,7497.900000000001,8
513,Customer_185,Customer185@gmail.com,Orange,Fruits,15,92.25,2025-01-20,Pending,Card,1383.75,1
514,Customer_29,Customer29@gmail.com,Orange,Fruits,15,412.04,2025-08-24,Delivered,Cash,6180.6,8
515,Customer_69,Customer69@gmail.com,Butter,Dairy,11,119.51,2025-12-22,Delivered,Cash,1314.6100000000001,12
516,Customer_47,Customer47@gmail.com,Apple,Fruits,12,395.55,2025-01-26,Delivered,Card,4746.6,1
517,Customer_94,Customer94@gmail.com,Bread,Bakery,14,372.6,2025-07-22,Delivered,Card,5216.400000000001,7
518,Customer_190,Customer190@gmail.com,Cheese,Dairy,13,164.23,2025-09-30,Delivered,Card,2134.99,9
519,Customer_197,Customer197@gmail.com,Chicken,Meat,3,176.4,2025-10-23,Delivered,UPI,529.2,10
520,Customer_144,Customer144@gmail.com,Banana,Fruits,1,400.41,2025-06-01,Delivered,Card,400.41,6
521,Customer_176,Customer176@gmail.com,Apple,Fruits,12,241.49,2025-03-16,Pending,Card,2897.88,3
522,Customer_85,Customer85@gmail.com,Tomato,Vegetables,11,370.79,2025-01-16,Cancelled,Card,4078.69,1
523,Customer_39,Customer39@gmail.com,Banana,Fruits,14,91.03,2025-07-31,Delivered,Card,1274.42,7
524,Customer_100,Customer100@gmail.com,Orange,Fruits,5,429.23,2025-06-15,Pending,UPI,2146.15,6
525,Customer_33,Customer33@gmail.com,Milk,Dairy,15,361.22,2025-12-13,Delivered,Card,5418.3,12
526,Customer_101,Customer101@gmail.com,Tomato,Vegetables,12,455.33,2025-01-23,Delivered,UPI,5463.96,1
527,Customer_23,Customer23@gmail.com,Banana,Fruits,10,83.54,2025-09-08,Delivered,Card,835.4000000000001,9
528,Customer_10,Customer10@gmail.com,Orange,Fruits,13,304.65,2025-01-10,Delivered,Card,3960.45,1
529,Customer_69,Customer69@gmail.com,Banana,Fruits,1,307.58,2025-03-04,Delivered,UPI,307.58,3
530,Customer_100,Customer100@gmail.com,Milk,Dairy,11,189.66,2025-06-15,Delivered,Cash,2086.2599999999998,6
531,Customer_34,Customer34@gmail.com,Orange,Fruits,6,240.06,2025-06-16,Pending,UPI,1440.3600000000001,6
532,Customer_180,Customer180@gmail.com,Bread,Bakery,2,38.23,2025-09-08,Pending,Card,76.46,9
533,Customer_138,Customer138@gmail.com,Apple,Fruits,14,378.01,2025-11-29,Delivered,Card,5292.139999999999,11
534,Customer_147,Customer147@gmail.com,Eggs,Dairy,2,283.67,2025-08-22,Cancelled,Cash,567.34,8
535,Customer_186,Customer186@gmail.com,Chicken,Meat,4,47.72,2025-12-15,Delivered,Card,190.88,12
536,Customer_96,Customer96@gmail.com,Butter,Dairy,2,346.76,2025-11-18,Delivered,Card,693.52,11
537,Customer_1,Customer1@gmail.com,Chicken,Meat,1,244.06,2025-08-02,Delivered,Cash,244.06,8
538,Customer_69,Customer69@gmail.com,Tomato,Vegetables,9,36.54,2025-11-01,Delivered,Cash,328.86,11
539,Customer_4,Customer4@gmail.com,Chicken,Meat,8,485.41,2025-08-23,Delivered,Cash,3883.28,8
540,Customer_16,Customer16@gmail.com,Orange,Fruits,1,475.57,2025-01-29,Delivered,Cash,475.57,1
541,Customer_24,Customer24@gmail.com,Bread,Bakery,13,266.19,2025-09-28,Delivered,Cash,3460.47,9
542,Customer_80,Customer80@gmail.com,Eggs,Dairy,10,64.96,2025-02-04,Pending,Card,649.5999999999999,2
543,Customer_2,Customer2@gmail.com,Apple,Fruits,1,382.22,2025-08-05,Delivered,Card,382.22,8
544,Customer_128,Customer128@gmail.com,Apple,Fruits,12,256.13,2025-09-14,Delivered,UPI,3073.56,9
545,Customer_160,Customer160@gmail.com,Milk,Dairy,14,165.17,2025-01-25,Delivered,UPI,2312.3799999999997,1
546,Customer_84,Customer84@gmail.com,Butter,Dairy,7,255.88,2025-03-26,Delivered,Card,1791.1599999999999,3
547,Customer_152,Customer152@gmail.com,Banana,Fruits,14,270.77,2025-12-01,Delivered,Card,3790.7799999999997,12
548,Customer_140,Customer140@gmail.com,Bread,Bakery,8,290.1,2025-08-13,Pending,Card,2320.8,8
549,Customer_178,Customer178@gmail.com,Banana,Fruits,6,231.79,2025-03-31,Delivered,UPI,1390.74,3
550,Customer_163,Customer163@gmail.com,Eggs,Dairy,2,310.76,2025-09-10,Delivered,Card,621.52,9
551,Customer_124,Customer124@gmail.com,Chicken,Meat,8,460.99,2025-08-06,Delivered,Card,3687.92,8
552,Customer_33,Customer33@gmail.com,Apple,Fruits,2,193.89,2025-07-03,Delivered,UPI,387.78,7
553,Customer_161,Customer161@gmail.com,Eggs,Dairy,4,368.34,2025-12-23,Delivered,UPI,1473.36,12
554,Customer_189,Customer189@gmail.com,Chicken,Meat,8,449.34,2025-09-07,Delivered,Card,3594.72,9
555,Customer_179,Customer179@gmail.com,Apple,Fruits,11,238.87,2025-05-18,Cancelled,UPI,2627.57,5
556,Customer_171,Customer171@gmail.com,Chicken,Meat,13,232.86,2025-10-20,Delivered,UPI,3027.1800000000003,10
557,Customer_101,Customer101@gmail.com,Butter,Dairy,13,309.02,2025-11-19,Delivered,Card,4017.2599999999998,11
558,Customer_12,Customer12@gmail.com,Bread,Bakery,2,303.88,2025-02-15,Delivered,Card,607.76,2
559,Customer_67,Customer67@gmail.com,Tomato,Vegetables,6,407.16,2025-03-15,Delivered,Card,2442.96,3
560,Customer_65,Customer65@gmail.com,Eggs,Dairy,15,248.71,2025-03-20,Delivered,Card,3730.65,3
561,Customer_161,Customer161@gmail.com,Eggs,Dairy,15,498.14,2025-09-10,Cancelled,Cash,7472.099999999999,9
562,Customer_168,Customer168@gmail.com,Cheese,Dairy,11,48.55,2025-08-09,Delivered,Card,534.05,8
563,Customer_74,Customer74@gmail.com,Orange,Fruits,0,21.52,2025-08-14,Delivered,UPI,0.0,8
564,Customer_43,Customer43@gmail.com,Butter,Dairy,3,327.3,2025-12-10,Delivered,Card,981.9000000000001,12
565,Customer_44,Customer44@gmail.com,Butter,Dairy,3,163.25,2025-10-11,Delivered,Card,489.75,10
566,Customer_29,Customer29@gmail.com,Banana,Fruits,6,135.38,2025-02-16,Delivered,UPI,812.28,2
567,Customer_141,Customer141@gmail.com,Chicken,Meat,7,169.71,2025-05-07,Delivered,Card,1187.97,5
568,Customer_12,Customer12@gmail.com,Orange,Fruits,0,142.9,2025-06-08,Delivered,Card,0.0,6
569,Customer_95,Customer95@gmail.com,Bread,Bakery,4,34.78,2025-05-25,Delivered,Card,139.12,5
570,Customer_46,Customer46@gmail.com,Bread,Bakery,6,486.34,2025-09-02,Pending,Card,2918.04,9
571,Customer_130,Customer130@gmail.com,Butter,Dairy,11,125.96,2025-11-22,Delivered,UPI,1385.56,11
572,Customer_35,Customer35@gmail.com,Bread,Bakery,3,372.33,2025-04-22,Delivered,Card,1116.99,4
573,Customer_81,Customer81@gmail.com,Cheese,Dairy,12,386.05,2025-07-21,Delivered,Cash,4632.6,7
574,Customer_90,Customer90@gmail.com,Eggs,Dairy,3,466.04,2025-10-16,Delivered,UPI,1398.1200000000001,10
575,Customer_8,Customer8@gmail.com,Milk,Dairy,3,34.66,2025-06-01,Delivered,Card,103.97999999999999,6
576,Customer_93,Customer93@gmail.com,Tomato,Vegetables,11,438.58,2025-03-03,Delivered,Card,4824.38,3
577,Customer_154,Customer154@gmail.com,Banana,Fruits,5,273.07,2025-06-23,Delivered,Card,1365.35,6
578,Customer_90,Customer90@gmail.com,Chicken,Meat,6,323.62,2025-01-21,Delivered,UPI,1941.72,1
579,Customer_162,Customer162@gmail.com,Tomato,Vegetables,1,329.35,2025-12-10,Delivered,Card,329.35,12
580,Customer_115,Customer115@gmail.com,Chicken,Meat,14,413.5,2025-01-28,Delivered,Cash,5789.0,1
581,Customer_105,Customer105@gmail.com,Apple,Fruits,4,180.04,2025-06-10,Pending,Card,720.16,6
582,Customer_135,Customer135@gmail.com,Tomato,Vegetables,3,371.86,2025-07-13,Delivered,Cash,1115.58,7
583,Customer_196,Customer196@gmail.com,Milk,Dairy,14,273.72,2025-12-26,Delivered,Card,3832.0800000000004,12
584,Customer_58,Customer58@gmail.com,Butter,Dairy,13,400.83,2025-03-02,Delivered,Cash,5210.79,3
585,Customer_114,Customer114@gmail.com,Cheese,Dairy,15,495.46,2025-02-11,Delivered,Card,7431.9,2
586,Customer_75,Customer75@gmail.com,Eggs,Dairy,12,116.31,2025-01-04,Delivered,Card,1395.72,1
587,Customer_157,Customer157@gmail.com,Eggs,Dairy,2,497.43,2025-02-26,Delivered,Card,994.86,2
588,Customer_120,Customer120@gmail.com,Cheese,Dairy,6,63.11,2025-03-17,Pending,Card,378.65999999999997,3
589,Customer_164,Customer164@gmail.com,Orange,Fruits,10,21.11,2025-08-19,Delivered,Cash,211.1,8
590,Customer_21,Customer21@gmail.com,Apple,Fruits,11,41.2,2025-03-22,Delivered,Card,453.20000000000005,3
591,Customer_164,Customer164@gmail.com,Chicken,Meat,5,184.06,2025-01-08,Delivered,Card,920.3,1
592,Customer_138,Customer138@gmail.com,Milk,Dairy,13,323.8,2025-10-29,Delivered,UPI,4209.400000000001,10
593,Customer_101,Customer101@gmail.com,Bread,Bakery,6,53.13,2025-05-14,Delivered,Card,318.78000000000003,5
594,Customer_152,Customer152@gmail.com,Tomato,Vegetables,4,22.72,2025-05-10,Pending,UPI,90.88,5
595,Customer_192,Customer192@gmail.com,Apple,Fruits,12,469.8,2025-04-21,Delivered,UPI,5637.6,4
596,Customer_177,Customer177@gmail.com,Tomato,Vegetables,5,414.52,2025-12-23,Pending,Card,2072.6,12
597,Customer_99,Customer99@gmail.com,Milk,Dairy,4,408.41,2025-03-04,Pending,Cash,1633.64,3
598,Customer_36,Customer36@gmail.com,Banana,Fruits,13,444.52,2025-11-24,Pending,Card,5778.76,11
599,Customer_96,Customer96@gmail.com,Banana,Fruits,6,356.02,2025-10-11,Delivered,Card,2136.12,10
600,Customer_152,Customer152@gmail.com,Apple,Fruits,1,70.11,2025-01-28,Delivered,UPI,70.11,1
601,Customer_151,Customer151@gmail.com,Butter,Dairy,13,211.57,2025-12-27,Delivered,UPI,2750.41,12
602,Customer_190,Customer190@gmail.com,Milk,Dairy,10,367.11,2025-04-10,Delivered,Card,3671.1000000000004,4
603,Customer_37,Customer37@gmail.com,Milk,Dairy,4,154.56,2025-02-05,Delivered,UPI,618.24,2
604,Customer_12,Customer12@gmail.com,Cheese,Dairy,5,349.96,2025-10-30,Pending,Card,1749.8,10
605,Customer_113,Customer113@gmail.com,Butter,Dairy,5,31.76,2025-09-15,Delivered,Card,158.8,9
606,Customer_183,Customer183@gmail.com,Chicken,Meat,14,166.95,2025-08-14,Delivered,Cash,2337.2999999999997,8
607,Customer_13,Customer13@gmail.com,Chicken,Meat,4,283.58,2025-02-26,Delivered,Card,1134.32,2
608,Customer_23,Customer23@gmail.com,Bread,Bakery,9,323.4,2025-06-24,Delivered,Card,2910.6,6
609,Customer_99,Customer99@gmail.com,Eggs,Dairy,6,296.98,2025-10-12,Delivered,Cash,1781.88,10
610,Customer_105,Customer105@gmail.com,Banana,Fruits,9,354.92,2025-04-21,Pending,Cash,3194.28,4
611,Customer_30,Customer30@gmail.com,Chicken,Meat,7,22.92,2025-04-24,Delivered,Card,160.44,4
612,Customer_17,Customer17@gmail.com,Butter,Dairy,6,68.45,2025-01-02,Pending,UPI,410.70000000000005,1
613,Customer_113,Customer113@gmail.com,Milk,Dairy,4,437.09,2025-03-05,Pending,UPI,1748.36,3
614,Customer_62,Customer62@gmail.com,Chicken,Meat,0,347.24,2025-11-16,Pending,Cash,0.0,11
615,Customer_84,Customer84@gmail.com,Milk,Dairy,12,74.21,2025-06-11,Delivered,Cash,890.52,6
616,Customer_112,Customer112@gmail.com,Chicken,Meat,4,424.2,2025-12-26,Pending,Card,1696.8,12
617,Customer_86,Customer86@gmail.com,Banana,Fruits,9,136.27,2025-05-25,Delivered,Card,1226.43,5
618,Customer_141,Customer141@gmail.com,Tomato,Vegetables,1,249.56,2025-09-19,Delivered,Card,249.56,9
619,Customer_187,Customer187@gmail.com,Chicken,Meat,12,89.69,2025-04-13,Delivered,UPI,1076.28,4
620,Customer_19,Customer19@gmail.com,Butter,Dairy,4,360.85,2025-05-13,Delivered,UPI,1443.4,5
621,Customer_177,Customer177@gmail.com,Chicken,Meat,4,340.09,2025-03-11,Delivered,UPI,1360.36,3
622,Customer_100,Customer100@gmail.com,Eggs,Dairy,1,121.33,2025-05-07,Delivered,Cash,121.33,5
623,Customer_140,Customer140@gmail.com,Banana,Fruits,4,434.43,2025-07-19,Delivered,Card,1737.72,7
624,Customer_189,Customer189@gmail.com,Butter,Dairy,12,212.63,2025-12-28,Cancelled,Card,2551.56,12
625,Customer_147,Customer147@gmail.com,Cheese,Dairy,15,160.41,2025-08-31,Delivered,Card,2406.15,8
626,Customer_76,Customer76@gmail.com,Butter,Dairy,3,93.12,2025-03-14,Delivered,Card,279.36,3
627,Customer_9,Customer9@gmail.com,Eggs,Dairy,0,147.76,2025-01-17,Delivered,Card,0.0,1
628,Customer_199,Customer199@gmail.com,Tomato,Vegetables,2,30.57,2025-02-16,Delivered,Card,61.14,2
629,Customer_28,Customer28@gmail.com,Banana,Fruits,0,299.96,2025-07-25,Cancelled,UPI,0.0,7
630,Customer_128,Customer128@gmail.com,Cheese,Dairy,11,424.27,2025-10-07,Delivered,Cash,4666.969999999999,10
631,Customer_52,Customer52@gmail.com,Eggs,Dairy,10,283.51,2025-12-10,Delivered,UPI,2835.1,12
632,Customer_83,Customer83@gmail.com,Eggs,Dairy,14,125.25,2025-01-06,Delivered,UPI,1753.5,1
633,Customer_111,Customer111@gmail.com,Apple,Fruits,4,36.16,2025-07-10,Cancelled,Card,144.64,7
634,Customer_144,Customer144@gmail.com,Banana,Fruits,3,123.02,2025-06-21,Delivered,UPI,369.06,6
635,Customer_117,Customer117@gmail.com,Butter,Dairy,15,219.74,2025-08-28,Pending,UPI,3296.1000000000004,8
636,Customer_69,Customer69@gmail.com,Milk,Dairy,6,384.61,2025-07-24,Delivered,UPI,2307.66,7
637,Customer_99,Customer99@gmail.com,Tomato,Vegetables,4,110.16,2025-09-08,Delivered,Card,440.64,9
638,Customer_140,Customer140@gmail.com,Milk,Dairy,9,365.5,2025-08-29,Delivered,Card,3289.5,8
639,Customer_25,Customer25@gmail.com,Butter,Dairy,13,436.13,2025-02-12,Pending,Card,5669.69,2
640,Customer_180,Customer180@gmail.com,Butter,Dairy,3,237.89,2025-10-19,Delivered,UPI,713.67,10
641,Customer_123,Customer123@gmail.com,Banana,Fruits,1,414.29,2025-02-14,Delivered,Cash,414.29,2
642,Customer_53,Customer53@gmail.com,Butter,Dairy,3,286.24,2025-09-12,Delivered,Cash,858.72,9
643,Customer_151,Customer151@gmail.com,Apple,Fruits,15,325.8,2025-06-01,Delivered,Card,4887.0,6
644,Customer_144,Customer144@gmail.com,Cheese,Dairy,11,272.61,2025-07-07,Delivered,UPI,2998.71,7
645,Customer_57,Customer57@gmail.com,Butter,Dairy,1,242.32,2025-11-26,Cancelled,Cash,242.32,11
646,Customer_39,Customer39@gmail.com,Milk,Dairy,7,132.63,2025-11-21,Delivered,Card,928.41,11
647,Customer_109,Customer109@gmail.com,Butter,Dairy,2,165.53,2025-10-26,Delivered,Card,331.06,10
648,Customer_181,Customer181@gmail.com,Apple,Fruits,8,159.19,2025-07-06,Pending,Cash,1273.52,7
649,Customer_42,Customer42@gmail.com,Chicken,Meat,12,290.38,2025-09-26,Delivered,Card,3484.56,9
650,Customer_186,Customer186@gmail.com,Chicken,Meat,3,77.58,2025-07-07,Delivered,Cash,232.74,7
651,Customer_167,Customer167@gmail.com,Eggs,Dairy,12,460.06,2025-11-14,Delivered,Cash,5520.72,11
652,Customer_142,Customer142@gmail.com,Tomato,Vegetables,5,365.91,2025-05-28,Delivered,UPI,1829.5500000000002,5
653,Customer_122,Customer122@gmail.com,Bread,Bakery,9,212.69,2025-12-21,Delivered,Cash,1914.21,12
654,Customer_133,Customer133@gmail.com,Cheese,Dairy,4,96.14,2025-12-07,Delivered,UPI,384.56,12
655,Customer_163,Customer163@gmail.com,Orange,Fruits,9,443.36,2025-09-28,Delivered,UPI,3990.2400000000002,9
656,Customer_75,Customer75@gmail.com,Eggs,Dairy,12,415.41,2025-04-12,Delivered,Card,4984.92,4
657,Customer_146,Customer146@gmail.com,Tomato,Vegetables,0,366.43,2025-02-18,Cancelled,Card,0.0,2
658,Customer_76,Customer76@gmail.com,Chicken,Meat,8,150.34,2025-11-08,Pending,Card,1202.72,11
659,Customer_9,Customer9@gmail.com,Milk,Dairy,15,213.17,2025-03-02,Pending,UPI,3197.5499999999997,3
660,Customer_74,Customer74@gmail.com,Orange,Fruits,0,69.32,2025-11-08,Pending,Card,0.0,11
661,Customer_186,Customer186@gmail.com,Tomato,Vegetables,7,110.74,2025-06-29,Delivered,Card,775.18,6
662,Customer_145,Customer145@gmail.com,Tomato,Vegetables,8,395.85,2025-05-29,Pending,Card,3166.8,5
663,Customer_7,Customer7@gmail.com,Eggs,Dairy,8,363.22,2025-11-26,Delivered,UPI,2905.76,11
664,Customer_174,Customer174@gmail.com,Orange,Fruits,0,304.87,2025-08-09,Delivered,Cash,0.0,8
665,Customer_141,Customer141@gmail.com,Banana,Fruits,1,449.95,2025-07-30,Delivered,Cash,449.95,7
666,Customer_168,Customer168@gmail.com,Bread,Bakery,11,299.97,2025-07-23,Delivered,Card,3299.67,7
667,Customer_170,Customer170@gmail.com,Banana,Fruits,15,244.14,2025-05-16,Pending,Cash,3662.1,5
668,Customer_137,Customer137@gmail.com,Orange,Fruits,12,183.38,2025-10-14,Cancelled,UPI,2200.56,10
669,Customer_178,Customer178@gmail.com,Banana,Fruits,0,471.42,2025-04-03,Delivered,UPI,0.0,4
670,Customer_27,Customer27@gmail.com,Apple,Fruits,9,59.7,2025-12-09,Pending,UPI,537.3000000000001,12
671,Customer_122,Customer122@gmail.com,Chicken,Meat,1,466.83,2025-11-23,Delivered,Card,466.83,11
672,Customer_194,Customer194@gmail.com,Apple,Fruits,9,416.82,2025-05-04,Delivered,Cash,3751.38,5
673,Customer_5,Customer5@gmail.com,Butter,Dairy,15,82.37,2025-09-24,Delivered,Card,1235.5500000000002,9
674,Customer_29,Customer29@gmail.com,Banana,Fruits,11,291.19,2025-07-29,Delivered,Card,3203.09,7
675,Customer_165,Customer165@gmail.com,Butter,Dairy,7,435.94,2025-05-04,Cancelled,UPI,3051.58,5
676,Customer_166,Customer166@gmail.com,Milk,Dairy,4,294.47,2025-12-27,Pending,Card,1177.88,12
677,Customer_83,Customer83@gmail.com,Cheese,Dairy,11,455.46,2025-01-10,Pending,Card,5010.0599999999995,1
678,Customer_136,Customer136@gmail.com,Milk,Dairy,10,472.63,2025-04-03,Delivered,UPI,4726.3,4
679,Customer_109,Customer109@gmail.com,Orange,Fruits,6,222.74,2025-07-09,Cancelled,Card,1336.44,7
680,Customer_65,Customer65@gmail.com,Tomato,Vegetables,1,201.11,2025-07-10,Delivered,UPI,201.11,7
681,Customer_86,Customer86@gmail.com,Chicken,Meat,7,469.43,2025-08-03,Pending,UPI,3286.01,8
682,Customer_145,Customer145@gmail.com,Banana,Fruits,10,344.07,2025-10-02,Delivered,UPI,3440.7,10
683,Customer_71,Customer71@gmail.com,Eggs,Dairy,5,75.69,2025-08-16,Delivered,UPI,378.45,8
684,Customer_45,Customer45@gmail.com,Cheese,Dairy,7,40.3,2025-08-08,Delivered,UPI,282.09999999999997,8
685,Customer_132,Customer132@gmail.com,Bread,Bakery,0,291.02,2025-01-20,Delivered,UPI,0.0,1
686,Customer_36,Customer36@gmail.com,Bread,Bakery,14,466.48,2025-05-18,Delivered,UPI,6530.72,5
687,Customer_70,Customer70@gmail.com,Bread,Bakery,0,425.24,2025-03-26,Delivered,UPI,0.0,3
688,Customer_159,Customer159@gmail.com,Banana,Fruits,11,344.41,2025-04-07,Delivered,UPI,3788.51,4
689,Customer_19,Customer19@gmail.com,Bread,Bakery,6,86.78,2025-07-22,Delivered,Cash,520.6800000000001,7
690,Customer_189,Customer189@gmail.com,Apple,Fruits,7,142.03,2025-03-14,Delivered,Card,994.21,3
691,Customer_108,Customer108@gmail.com,Cheese,Dairy,12,440.25,2025-04-18,Delivered,Card,5283.0,4
692,Customer_182,Customer182@gmail.com,Apple,Fruits,2,107.75,2025-03-28,Delivered,Cash,215.5,3
693,Customer_167,Customer167@gmail.com,Tomato,Vegetables,4,153.65,2025-12-13,Delivered,Card,614.6,12
694,Customer_91,Customer91@gmail.com,Cheese,Dairy,15,82.21,2025-12-11,Delivered,Card,1233.1499999999999,12
695,Customer_90,Customer90@gmail.com,Apple,Fruits,11,344.53,2025-08-11,Cancelled,UPI,3789.83,8
696,Customer_19,Customer19@gmail.com,Cheese,Dairy,0,473.11,2025-12-04,Pending,Card,0.0,12
697,Customer_39,Customer39@gmail.com,Tomato,Vegetables,6,149.1,2025-10-14,Delivered,Card,894.5999999999999,10
698,Customer_126,Customer126@gmail.com,Butter,Dairy,4,248.2,2025-08-04,Pending,Cash,992.8,8
699,Customer_195,Customer195@gmail.com,Banana,Fruits,7,324.48,2025-01-03,Pending,UPI,2271.36,1
700,Customer_173,Customer173@gmail.com,Banana,Fruits,12,499.74,2025-10-09,Cancelled,Card,5996.88,10
701,Customer_141,Customer141@gmail.com,Bread,Bakery,7,70.31,2025-09-14,Delivered,Cash,492.17,9
702,Customer_126,Customer126@gmail.com,Milk,Dairy,8,259.31,2025-08-13,Delivered,Cash,2074.48,8
703,Customer_58,Customer58@gmail.com,Bread,Bakery,6,204.86,2025-10-05,Delivered,Card,1229.16,10
704,Customer_148,Customer148@gmail.com,Orange,Fruits,10,435.59,2025-07-07,Delivered,Card,4355.9,7
705,Customer_200,Customer200@gmail.com,Apple,Fruits,0,248.46,2025-09-14,Delivered,Cash,0.0,9
706,Customer_61,Customer61@gmail.com,Cheese,Dairy,12,73.27,2025-12-08,Delivered,UPI,879.24,12
707,Customer_127,Customer127@gmail.com,Milk,Dairy,2,324.52,2025-05-18,Pending,UPI,649.04,5
708,Customer_105,Customer105@gmail.com,Tomato,Vegetables,7,389.97,2025-09-16,Cancelled,Cash,2729.79,9
709,Customer_167,Customer167@gmail.com,Orange,Fruits,2,21.38,2025-06-23,Delivered,UPI,42.76,6
710,Customer_1,Customer1@gmail.com,Tomato,Vegetables,7,432.3,2025-09-04,Delivered,Card,3026.1,9
711,Customer_131,Customer131@gmail.com,Banana,Fruits,0,109.29,2025-10-06,Delivered,UPI,0.0,10
712,Customer_92,Customer92@gmail.com,Banana,Fruits,4,284.99,2025-01-17,Pending,Card,1139.96,1
713,Customer_190,Customer190@gmail.com,Bread,Bakery,3,219.58,2025-08-25,Delivered,UPI,658.74,8
714,Customer_191,Customer191@gmail.com,Apple,Fruits,4,365.43,2025-03-24,Delivered,UPI,1461.72,3
715,Customer_113,Customer113@gmail.com,Milk,Dairy,7,198.16,2025-09-02,Delivered,Card,1387.12,9
716,Customer_153,Customer153@gmail.com,Chicken,Meat,9,437.49,2025-06-20,Delivered,UPI,3937.41,6
717,Customer_56,Customer56@gmail.com,Orange,Fruits,14,370.64,2025-10-10,Delivered,Card,5188.96,10
718,Customer_161,Customer161@gmail.com,Orange,Fruits,13,330.9,2025-02-15,Delivered,Card,4301.7,2
719,Customer_166,Customer166@gmail.com,Bread,Bakery,3,402.2,2025-08-17,Pending,UPI,1206.6,8
720,Customer_117,Customer117@gmail.com,Banana,Fruits,10,381.93,2025-04-12,Cancelled,Card,3819.3,4
721,Customer_134,Customer134@gmail.com,Bread,Bakery,3,37.25,2025-11-08,Cancelled,UPI,111.75,11
722,Customer_58,Customer58@gmail.com,Cheese,Dairy,14,209.47,2025-12-05,Cancelled,Card,2932.58,12
723,Customer_44,Customer44@gmail.com,Milk,Dairy,2,466.79,2025-12-30,Delivered,UPI,933.58,12
724,Customer_173,Customer173@gmail.com,Apple,Fruits,6,80.35,2025-10-18,Delivered,Cash,482.09999999999997,10
725,Customer_160,Customer160@gmail.com,Butter,Dairy,2,373.81,2025-10-03,Pending,UPI,747.62,10
726,Customer_173,Customer173@gmail.com,Eggs,Dairy,11,487.8,2025-03-20,Cancelled,Card,5365.8,3
727,Customer_61,Customer61@gmail.com,Eggs,Dairy,2,45.06,2025-05-03,Delivered,Cash,90.12,5
728,Customer_47,Customer47@gmail.com,Bread,Bakery,10,347.45,2025-06-19,Delivered,Card,3474.5,6
729,Customer_149,Customer149@gmail.com,Cheese,Dairy,9,244.71,2025-10-10,Delivered,Card,2202.39,10
730,Customer_80,Customer80@gmail.com,Milk,Dairy,4,298.0,2025-11-30,Delivered,Card,1192.0,11
731,Customer_118,Customer118@gmail.com,Chicken,Meat,4,60.96,2025-03-11,Delivered,Card,243.84,3
732,Customer_164,Customer164@gmail.com,Eggs,Dairy,13,40.64,2025-12-03,Delivered,Cash,528.32,12
733,Customer_147,Customer147@gmail.com,Milk,Dairy,5,340.1,2025-09-11,Delivered,Card,1700.5,9
734,Customer_20,Customer20@gmail.com,Apple,Fruits,15,415.19,2025-08-11,Delivered,UPI,6227.85,8
735,Customer_185,Customer185@gmail.com,Tomato,Vegetables,7,395.37,2025-03-14,Pending,UPI,2767.59,3
736,Customer_146,Customer146@gmail.com,Cheese,Dairy,15,281.03,2025-01-21,Delivered,Card,4215.45,1
737,Customer_47,Customer47@gmail.com,Banana,Fruits,9,67.94,2025-07-27,Delivered,UPI,611.46,7
738,Customer_49,Customer49@gmail.com,Milk,Dairy,5,350.26,2025-08-26,Delivered,Card,1751.3,8
739,Customer_14,Customer14@gmail.com,Apple,Fruits,14,136.11,2025-03-18,Pending,Card,1905.5400000000002,3
740,Customer_143,Customer143@gmail.com,Chicken,Meat,15,457.31,2025-07-23,Delivered,Card,6859.65,7
741,Customer_159,Customer159@gmail.com,Butter,Dairy,15,422.37,2025-11-09,Cancelled,Cash,6335.55,11
742,Customer_1,Customer1@gmail.com,Banana,Fruits,11,360.5,2025-11-01,Delivered,Cash,3965.5,11
743,Customer_117,Customer117@gmail.com,Butter,Dairy,0,475.45,2025-12-05,Cancelled,Card,0.0,12
744,Customer_54,Customer54@gmail.com,Chicken,Meat,14,35.08,2025-05-14,Cancelled,Card,491.12,5
745,Customer_118,Customer118@gmail.com,Apple,Fruits,7,373.38,2025-04-27,Delivered,UPI,2613.66,4
746,Customer_3,Customer3@gmail.com,Eggs,Dairy,15,178.52,2025-10-01,Delivered,Card,2677.8,10
747,Customer_144,Customer144@gmail.com,Butter,Dairy,7,454.91,2025-06-07,Delivered,Cash,3184.3700000000003,6
748,Customer_185,Customer185@gmail.com,Banana,Fruits,8,148.0,2025-02-01,Delivered,UPI,1184.0,2
749,Customer_12,Customer12@gmail.com,Bread,Bakery,8,367.93,2025-04-14,Delivered,Card,2943.44,4
750,Customer_74,Customer74@gmail.com,Orange,Fruits,1,441.27,2025-06-02,Delivered,Cash,441.27,6
751,Customer_16,Customer16@gmail.com,Milk,Dairy,14,40.0,2025-04-17,Delivered,Card,560.0,4
752,Customer_200,Customer200@gmail.com,Eggs,Dairy,1,210.87,2025-05-02,Delivered,Cash,210.87,5
753,Customer_102,Customer102@gmail.com,Butter,Dairy,2,385.91,2025-04-18,Delivered,Cash,771.82,4
754,Customer_152,Customer152@gmail.com,Tomato,Vegetables,0,238.36,2025-01-16,Delivered,Card,0.0,1
755,Customer_156,Customer156@gmail.com,Milk,Dairy,3,148.28,2025-08-21,Delivered,Card,444.84000000000003,8
756,Customer_117,Customer117@gmail.com,Bread,Bakery,13,125.51,2025-08-07,Delivered,Cash,1631.63,8
757,Customer_8,Customer8@gmail.com,Chicken,Meat,3,83.13,2025-08-27,Delivered,Cash,249.39,8
758,Customer_122,Customer122@gmail.com,Orange,Fruits,13,431.42,2025-03-12,Delivered,Card,5608.46,3
759,Customer_92,Customer92@gmail.com,Apple,Fruits,8,296.17,2025-04-18,Pending,Cash,2369.36,4
760,Customer_164,Customer164@gmail.com,Bread,Bakery,8,56.66,2025-08-15,Delivered,Card,453.28,8
761,Customer_90,Customer90@gmail.com,Bread,Bakery,8,203.64,2025-08-07,Delivered,Card,1629.12,8
762,Customer_136,Customer136@gmail.com,Chicken,Meat,9,196.51,2025-07-04,Delivered,Cash,1768.59,7
763,Customer_186,Customer186@gmail.com,Cheese,Dairy,6,107.23,2025-05-08,Pending,Card,643.38,5
764,Customer_60,Customer60@gmail.com,Chicken,Meat,13,229.04,2025-11-30,Pending,Cash,2977.52,11
765,Customer_178,Customer178@gmail.com,Cheese,Dairy,14,179.41,2025-05-05,Pending,Card,2511.74,5
766,Customer_28,Customer28@gmail.com,Cheese,Dairy,1,184.07,2025-06-16,Delivered,UPI,184.07,6
767,Customer_101,Customer101@gmail.com,Eggs,Dairy,9,374.73,2025-09-05,Delivered,Card,3372.57,9
768,Customer_41,Customer41@gmail.com,Eggs,Dairy,4,127.17,2025-07-18,Delivered,UPI,508.68,7
769,Customer_192,Customer192@gmail.com,Banana,Fruits,3,328.09,2025-05-07,Delivered,UPI,984.27,5
770,Customer_155,Customer155@gmail.com,Butter,Dairy,11,293.91,2025-06-09,Cancelled,Card,3233.01,6
771,Customer_191,Customer191@gmail.com,Butter,Dairy,10,292.68,2025-10-17,Delivered,UPI,2926.8,10
772,Customer_145,Customer145@gmail.com,Apple,Fruits,7,338.24,2025-04-12,Pending,Card,2367.6800000000003,4
773,Customer_161,Customer161@gmail.com,Butter,Dairy,1,283.22,2025-02-21,Delivered,Card,283.22,2
774,Customer_157,Customer157@gmail.com,Eggs,Dairy,5,442.04,2025-04-25,Pending,Cash,2210.2000000000003,4
775,Customer_141,Customer141@gmail.com,Banana,Fruits,12,344.28,2025-11-07,Delivered,Card,4131.36,11
776,Customer_46,Customer46@gmail.com,Banana,Fruits,4,282.54,2025-02-02,Delivered,UPI,1130.16,2
777,Customer_35,Customer35@gmail.com,Cheese,Dairy,15,418.29,2025-12-28,Delivered,UPI,6274.35,12
778,Customer_134,Customer134@gmail.com,Chicken,Meat,14,310.95,2025-07-17,Delivered,UPI,4353.3,7
779,Customer_82,Customer82@gmail.com,Apple,Fruits,15,159.75,2025-12-26,Delivered,Card,2396.25,12
780,Customer_115,Customer115@gmail.com,Cheese,Dairy,15,119.41,2025-12-09,Pending,Card,1791.1499999999999,12
781,Customer_197,Customer197@gmail.com,Chicken,Meat,15,93.12,2025-06-15,Delivered,Card,1396.8000000000002,6
782,Customer_47,Customer47@gmail.com,Butter,Dairy,11,451.74,2025-03-14,Delivered,UPI,4969.14,3
783,Customer_153,Customer153@gmail.com,Cheese,Dairy,1,360.87,2025-03-02,Delivered,Cash,360.87,3
784,Customer_194,Customer194@gmail.com,Milk,Dairy,10,469.94,2025-03-29,Delivered,UPI,4699.4,3
785,Customer_10,Customer10@gmail.com,Butter,Dairy,9,309.58,2025-09-17,Pending,Card,2786.22,9
786,Customer_56,Customer56@gmail.com,Chicken,Meat,14,247.23,2025-04-10,Pending,Card,3461.22,4
787,Customer_30,Customer30@gmail.com,Apple,Fruits,0,48.66,2025-05-05,Pending,Card,0.0,5
788,Customer_109,Customer109@gmail.com,Chicken,Meat,7,342.39,2025-06-13,Pending,Card,2396.73,6
789,Customer_5,Customer5@gmail.com,Cheese,Dairy,1,299.46,2025-11-30,Pending,Card,299.46,11
790,Customer_119,Customer119@gmail.com,Cheese,Dairy,6,495.3,2025-03-11,Delivered,Card,2971.8,3
791,Customer_33,Customer33@gmail.com,Bread,Bakery,8,134.8,2025-01-02,Pending,Card,1078.4,1
792,Customer_118,Customer118@gmail.com,Apple,Fruits,8,274.75,2025-01-22,Delivered,Card,2198.0,1
793,Customer_65,Customer65@gmail.com,Tomato,Vegetables,7,332.46,2025-11-27,Delivered,Card,2327.22,11
794,Customer_146,Customer146@gmail.com,Butter,Dairy,10,329.4,2025-08-25,Delivered,Card,3294.0,8
795,Customer_177,Customer177@gmail.com,Banana,Fruits,13,289.42,2025-04-10,Pending,Card,3762.46,4
796,Customer_11,Customer11@gmail.com,Apple,Fruits,11,392.93,2025-03-06,Pending,Card,4322.2300000000005,3
797,Customer_85,Customer85@gmail.com,Banana,Fruits,9,118.39,2025-04-18,Delivered,UPI,1065.51,4
798,Customer_26,Customer26@gmail.com,Apple,Fruits,8,368.3,2025-02-11,Pending,Card,2946.4,2
799,Customer_63,Customer63@gmail.com,Apple,Fruits,1,317.47,2025-12-10,Cancelled,Card,317.47,12
800,Customer_86,Customer86@gmail.com,Chicken,Meat,5,450.12,2025-10-14,Delivered,Card,2250.6,10
801,Customer_59,Customer59@gmail.com,Apple,Fruits,3,426.65,2025-06-18,Delivered,Card,1279.9499999999998,6
802,Customer_27,Customer27@gmail.com,Bread,Bakery,13,171.27,2025-11-12,Pending,Card,2226.51,11
803,Customer_177,Customer177@gmail.com,Tomato,Vegetables,3,152.59,2025-04-02,Delivered,Card,457.77,4
804,Customer_161,Customer161@gmail.com,Cheese,Dairy,4,491.19,2025-09-19,Delivered,UPI,1964.76,9
805,Customer_98,Customer98@gmail.com,Orange,Fruits,11,273.09,2025-11-09,Delivered,Card,3003.99,11
806,Customer_105,Customer105@gmail.com,Banana,Fruits,15,455.08,2025-05-11,Delivered,Card,6826.2,5
807,Customer_99,Customer99@gmail.com,Cheese,Dairy,2,98.66,2025-10-04,Pending,Cash,197.32,10
808,Customer_129,Customer129@gmail.com,Orange,Fruits,13,328.55,2025-04-18,Delivered,Card,4271.150000000001,4
809,Customer_149,Customer149@gmail.com,Tomato,Vegetables,0,408.73,2025-04-20,Pending,Card,0.0,4
810,Customer_55,Customer55@gmail.com,Tomato,Vegetables,7,474.75,2025-02-09,Pending,Cash,3323.25,2
811,Customer_6,Customer6@gmail.com,Banana,Fruits,4,181.92,2025-06-10,Pending,Cash,727.68,6
812,Customer_197,Customer197@gmail.com,Banana,Fruits,2,367.99,2025-09-24,Delivered,Card,735.98,9
813,Customer_95,Customer95@gmail.com,Tomato,Vegetables,9,278.63,2025-12-10,Delivered,Card,2507.67,12
814,Customer_133,Customer133@gmail.com,Orange,Fruits,15,49.1,2025-08-09,Delivered,Card,736.5,8
815,Customer_102,Customer102@gmail.com,Apple,Fruits,13,351.2,2025-11-12,Delivered,Card,4565.599999999999,11
816,Customer_3,Customer3@gmail.com,Butter,Dairy,6,351.25,2025-10-28,Pending,UPI,2107.5,10
817,Customer_181,Customer181@gmail.com,Milk,Dairy,6,466.69,2025-03-05,Delivered,Card,2800.14,3
818,Customer_23,Customer23@gmail.com,Cheese,Dairy,0,258.71,2025-06-27,Delivered,Card,0.0,6
819,Customer_53,Customer53@gmail.com,Chicken,Meat,11,130.52,2025-02-12,Delivered,Cash,1435.72,2
820,Customer_165,Customer165@gmail.com,Cheese,Dairy,8,41.39,2025-09-06,Pending,Cash,331.12,9
821,Customer_83,Customer83@gmail.com,Chicken,Meat,14,219.51,2025-12-13,Pending,Card,3073.14,12
822,Customer_145,Customer145@gmail.com,Orange,Fruits,1,164.92,2025-02-20,Delivered,UPI,164.92,2
823,Customer_85,Customer85@gmail.com,Chicken,Meat,4,385.32,2025-09-25,Pending,Card,1541.28,9
824,Customer_78,Customer78@gmail.com,Banana,Fruits,12,190.05,2025-08-19,Delivered,Cash,2280.6000000000004,8
825,Customer_110,Customer110@gmail.com,Butter,Dairy,13,475.55,2025-08-02,Delivered,Card,6182.150000000001,8
826,Customer_1,Customer1@gmail.com,Butter,Dairy,4,481.91,2025-05-23,Pending,Card,1927.64,5
827,Customer_51,Customer51@gmail.com,Banana,Fruits,13,318.04,2025-05-10,Delivered,Card,4134.52,5
828,Customer_173,Customer173@gmail.com,Bread,Bakery,7,465.76,2025-01-17,Cancelled,Card,3260.3199999999997,1
829,Customer_4,Customer4@gmail.com,Orange,Fruits,13,385.21,2025-03-21,Delivered,Card,5007.73,3
830,Customer_190,Customer190@gmail.com,Bread,Bakery,7,282.49,2025-01-06,Delivered,UPI,1977.43,1
831,Customer_193,Customer193@gmail.com,Bread,Bakery,13,106.55,2025-08-01,Cancelled,UPI,1385.1499999999999,8
832,Customer_113,Customer113@gmail.com,Cheese,Dairy,6,240.13,2025-02-08,Delivered,Card,1440.78,2
833,Customer_32,Customer32@gmail.com,Tomato,Vegetables,6,289.22,2025-11-15,Cancelled,Card,1735.3200000000002,11
834,Customer_34,Customer34@gmail.com,Cheese,Dairy,11,434.7,2025-07-10,Cancelled,Card,4781.7,7
835,Customer_92,Customer92@gmail.com,Tomato,Vegetables,15,251.04,2025-09-13,Delivered,Cash,3765.6,9
836,Customer_95,Customer95@gmail.com,Milk,Dairy,10,450.88,2025-05-30,Delivered,Cash,4508.8,5
837,Customer_72,Customer72@gmail.com,Chicken,Meat,15,343.69,2025-07-24,Delivered,Cash,5155.35,7
838,Customer_39,Customer39@gmail.com,Tomato,Vegetables,5,85.76,2025-12-11,Delivered,Cash,428.8,12
839,Customer_154,Customer154@gmail.com,Banana,Fruits,5,497.59,2025-01-31,Delivered,Card,2487.95,1
840,Customer_162,Customer162@gmail.com,Cheese,Dairy,10,273.07,2025-04-03,Delivered,Card,2730.7,4
841,Customer_182,Customer182@gmail.com,Orange,Fruits,8,208.09,2025-10-12,Delivered,UPI,1664.72,10
842,Customer_118,Customer118@gmail.com,Chicken,Meat,5,336.37,2025-02-06,Delivered,Cash,1681.85,2
843,Customer_3,Customer3@gmail.com,Milk,Dairy,11,72.27,2025-01-28,Cancelled,Card,794.9699999999999,1
844,Customer_123,Customer123@gmail.com,Tomato,Vegetables,12,325.54,2025-05-12,Pending,Card,3906.4800000000005,5
845,Customer_50,Customer50@gmail.com,Milk,Dairy,12,259.15,2025-02-03,Pending,Cash,3109.7999999999997,2
846,Customer_12,Customer12@gmail.com,Orange,Fruits,1,215.2,2025-08-02,Delivered,Card,215.2,8
847,Customer_193,Customer193@gmail.com,Bread,Bakery,1,477.45,2025-03-24,Pending,Card,477.45,3
848,Customer_54,Customer54@gmail.com,Butter,Dairy,12,270.82,2025-11-23,Delivered,UPI,3249.84,11
849,Customer_133,Customer133@gmail.com,Orange,Fruits,4,125.18,2025-10-13,Pending,Card,500.72,10
850,Customer_57,Customer57@gmail.com,Eggs,Dairy,14,240.3,2025-09-13,Cancelled,Card,3364.2000000000003,9
851,Customer_145,Customer145@gmail.com,Orange,Fruits,3,461.31,2025-08-14,Delivered,UPI,1383.93,8
852,Customer_112,Customer112@gmail.com,Milk,Dairy,10,104.53,2025-11-12,Delivered,UPI,1045.3,11
853,Customer_47,Customer47@gmail.com,Banana,Fruits,1,122.7,2025-03-23,Pending,Cash,122.7,3
854,Customer_151,Customer151@gmail.com,Cheese,Dairy,14,26.25,2025-11-15,Cancelled,Card,367.5,11
855,Customer_85,Customer85@gmail.com,Banana,Fruits,14,26.81,2025-10-16,Pending,Card,375.34,10
856,Customer_142,Customer142@gmail.com,Milk,Dairy,2,418.11,2025-10-01,Delivered,UPI,836.22,10
857,Customer_66,Customer66@gmail.com,Cheese,Dairy,6,371.42,2025-07-24,Delivered,UPI,2228.52,7
858,Customer_75,Customer75@gmail.com,Eggs,Dairy,7,190.42,2025-03-31,Delivered,Card,1332.9399999999998,3
859,Customer_179,Customer179@gmail.com,Butter,Dairy,11,355.19,2025-06-04,Pending,UPI,3907.09,6
860,Customer_103,Customer103@gmail.com,Chicken,Meat,12,209.7,2025-10-17,Delivered,Card,2516.3999999999996,10
861,Customer_166,Customer166@gmail.com,Milk,Dairy,5,477.39,2025-01-12,Pending,Card,2386.95,1
862,Customer_192,Customer192@gmail.com,Tomato,Vegetables,10,484.19,2025-10-13,Delivered,Card,4841.9,10
863,Customer_38,Customer38@gmail.com,Milk,Dairy,4,208.54,2025-03-29,Delivered,Card,834.16,3
864,Customer_50,Customer50@gmail.com,Milk,Dairy,12,430.03,2025-02-22,Delivered,Card,5160.36,2
865,Customer_98,Customer98@gmail.com,Cheese,Dairy,0,391.08,2025-02-12,Pending,UPI,0.0,2
866,Customer_82,Customer82@gmail.com,Apple,Fruits,7,168.8,2025-01-10,Delivered,UPI,1181.6000000000001,1
867,Customer_30,Customer30@gmail.com,Orange,Fruits,2,131.38,2025-07-11,Delivered,Cash,262.76,7
868,Customer_79,Customer79@gmail.com,Apple,Fruits,14,239.95,2025-03-21,Delivered,Card,3359.2999999999997,3
869,Customer_91,Customer91@gmail.com,Eggs,Dairy,5,395.05,2025-12-28,Delivered,Card,1975.25,12
870,Customer_179,Customer179@gmail.com,Tomato,Vegetables,2,480.88,2025-07-29,Delivered,Card,961.76,7
871,Customer_191,Customer191@gmail.com,Butter,Dairy,6,386.52,2025-02-20,Pending,Card,2319.12,2
872,Customer_52,Customer52@gmail.com,Bread,Bakery,12,430.5,2025-09-09,Delivered,UPI,5166.0,9
873,Customer_166,Customer166@gmail.com,Eggs,Dairy,13,309.47,2025-11-24,Delivered,UPI,4023.1100000000006,11
874,Customer_79,Customer79@gmail.com,Bread,Bakery,6,421.0,2025-09-29,Pending,UPI,2526.0,9
875,Customer_30,Customer30@gmail.com,Bread,Bakery,11,396.52,2025-01-28,Cancelled,Card,4361.719999999999,1
876,Customer_106,Customer106@gmail.com,Butter,Dairy,14,200.95,2025-11-23,Delivered,Card,2813.2999999999997,11
877,Customer_51,Customer51@gmail.com,Banana,Fruits,8,284.96,2025-10-17,Delivered,Card,2279.68,10
878,Customer_81,Customer81@gmail.com,Apple,Fruits,15,406.28,2025-02-27,Pending,Card,6094.2,2
879,Customer_133,Customer133@gmail.com,Milk,Dairy,4,42.11,2025-01-19,Cancelled,UPI,168.44,1
880,Customer_29,Customer29@gmail.com,Chicken,Meat,14,407.88,2025-07-23,Pending,Cash,5710.32,7
881,Customer_132,Customer132@gmail.com,Bread,Bakery,7,105.39,2025-02-26,Delivered,Card,737.73,2
882,Customer_138,Customer138@gmail.com,Tomato,Vegetables,9,267.05,2025-11-01,Delivered,UPI,2403.4500000000003,11
883,Customer_184,Customer184@gmail.com,Eggs,Dairy,9,407.97,2025-05-11,Pending,UPI,3671.7300000000005,5
884,Customer_145,Customer145@gmail.com,Banana,Fruits,15,141.83,2025-11-30,Delivered,Card,2127.4500000000003,11
885,Customer_74,Customer74@gmail.com,Bread,Bakery,7,137.99,2025-07-26,Delivered,UPI,965.9300000000001,7
886,Customer_17,Customer17@gmail.com,Banana,Fruits,0,213.33,2025-03-08,Pending,Card,0.0,3
887,Customer_84,Customer84@gmail.com,Banana,Fruits,11,449.43,2025-02-20,Delivered,Card,4943.7300000000005,2
888,Customer_69,Customer69@gmail.com,Bread,Bakery,4,20.21,2025-07-30,Delivered,UPI,80.84,7
889,Customer_34,Customer34@gmail.com,Cheese,Dairy,2,452.66,2025-10-06,Delivered,Cash,905.32,10
890,Customer_6,Customer6@gmail.com,Orange,Fruits,0,93.83,2025-10-13,Delivered,Card,0.0,10
891,Customer_53,Customer53@gmail.com,Tomato,Vegetables,3,495.24,2025-04-11,Delivered,Card,1485.72,4
892,Customer_194,Customer194@gmail.com,Milk,Dairy,7,478.33,2025-03-16,Pending,Cash,3348.31,3
893,Customer_126,Customer126@gmail.com,Milk,Dairy,2,257.44,2025-01-07,Delivered,Cash,514.88,1
894,Customer_43,Customer43@gmail.com,Tomato,Vegetables,15,266.11,2025-09-05,Delivered,UPI,3991.65,9
895,Customer_115,Customer115@gmail.com,Cheese,Dairy,15,251.14,2025-01-28,Cancelled,Card,3767.1,1
896,Customer_111,Customer111@gmail.com,Milk,Dairy,9,325.01,2025-06-03,Delivered,Cash,2925.09,6
897,Customer_151,Customer151@gmail.com,Banana,Fruits,1,63.55,2025-08-08,Delivered,Card,63.55,8
898,Customer_183,Customer183@gmail.com,Butter,Dairy,10,35.66,2025-12-09,Cancelled,UPI,356.59999999999997,12
899,Customer_80,Customer80@gmail.com,Eggs,Dairy,8,47.7,2025-04-24,Pending,Card,381.6,4
900,Customer_95,Customer95@gmail.com,Apple,Fruits,9,233.3,2025-04-02,Delivered,UPI,2099.7000000000003,4
901,Customer_118,Customer118@gmail.com,Milk,Dairy,4,152.26,2025-08-27,Pending,Card,609.04,8
902,Customer_144,Customer144@gmail.com,Tomato,Vegetables,15,318.58,2025-08-15,Delivered,Card,4778.7,8
903,Customer_8,Customer8@gmail.com,Butter,Dairy,13,496.37,2025-05-02,Pending,Card,6452.81,5
904,Customer_132,Customer132@gmail.com,Bread,Bakery,6,205.44,2025-12-05,Delivered,Card,1232.6399999999999,12
905,Customer_104,Customer104@gmail.com,Orange,Fruits,10,295.44,2025-11-05,Pending,UPI,2954.4,11
906,Customer_132,Customer132@gmail.com,Tomato,Vegetables,10,219.49,2025-03-23,Delivered,Cash,2194.9,3
907,Customer_184,Customer184@gmail.com,Banana,Fruits,1,426.69,2025-03-29,Delivered,Cash,426.69,3
908,Customer_25,Customer25@gmail.com,Orange,Fruits,8,453.07,2025-07-06,Delivered,Card,3624.56,7
909,Customer_195,Customer195@gmail.com,Eggs,Dairy,15,441.13,2025-10-10,Delivered,UPI,6616.95,10
910,Customer_96,Customer96@gmail.com,Eggs,Dairy,12,487.7,2025-01-17,Pending,UPI,5852.4,1
911,Customer_195,Customer195@gmail.com,Cheese,Dairy,8,33.21,2025-09-11,Delivered,Card,265.68,9
912,Customer_155,Customer155@gmail.com,Chicken,Meat,3,423.11,2025-08-25,Delivered,Card,1269.33,8
913,Customer_93,Customer93@gmail.com,Cheese,Dairy,3,380.85,2025-03-26,Delivered,UPI,1142.5500000000002,3
914,Customer_160,Customer160@gmail.com,Butter,Dairy,5,129.77,2025-09-06,Delivered,Cash,648.85,9
915,Customer_178,Customer178@gmail.com,Orange,Fruits,9,479.03,2025-12-10,Pending,UPI,4311.2699999999995,12
916,Customer_61,Customer61@gmail.com,Chicken,Meat,9,91.13,2025-01-18,Pending,Card,820.17,1
917,Customer_122,Customer122@gmail.com,Bread,Bakery,9,346.18,2025-04-27,Delivered,UPI,3115.62,4
918,Customer_51,Customer51@gmail.com,Banana,Fruits,5,127.95,2025-06-09,Cancelled,Card,639.75,6
919,Customer_147,Customer147@gmail.com,Orange,Fruits,11,227.06,2025-11-25,Pending,UPI,2497.66,11
920,Customer_21,Customer21@gmail.com,Cheese,Dairy,0,365.2,2025-12-18,Delivered,UPI,0.0,12
921,Customer_5,Customer5@gmail.com,Apple,Fruits,13,290.4,2025-06-12,Delivered,Card,3775.2,6
922,Customer_92,Customer92@gmail.com,Chicken,Meat,13,225.2,2025-10-01,Cancelled,Cash,2927.6,10
923,Customer_170,Customer170@gmail.com,Chicken,Meat,8,176.64,2025-07-14,Delivered,Card,1413.12,7
924,Customer_61,Customer61@gmail.com,Banana,Fruits,1,423.04,2025-07-16,Pending,Cash,423.04,7
925,Customer_22,Customer22@gmail.com,Milk,Dairy,4,89.03,2025-04-12,Delivered,Card,356.12,4
926,Customer_149,Customer149@gmail.com,Eggs,Dairy,8,226.45,2025-03-21,Delivered,Card,1811.6,3
927,Customer_70,Customer70@gmail.com,Eggs,Dairy,3,453.8,2025-04-16,Delivered,Card,1361.4,4
928,Customer_1,Customer1@gmail.com,Apple,Fruits,10,426.01,2025-07-23,Delivered,Card,4260.1,7
929,Customer_133,Customer133@gmail.com,Butter,Dairy,15,212.45,2025-01-11,Cancelled,Card,3186.75,1
930,Customer_12,Customer12@gmail.com,Butter,Dairy,2,386.29,2025-11-28,Delivered,UPI,772.58,11
931,Customer_90,Customer90@gmail.com,Bread,Bakery,14,415.12,2025-02-27,Delivered,UPI,5811.68,2
932,Customer_46,Customer46@gmail.com,Orange,Fruits,6,446.67,2025-03-22,Cancelled,UPI,2680.02,3
933,Customer_34,Customer34@gmail.com,Tomato,Vegetables,5,281.36,2025-07-09,Delivered,Card,1406.8000000000002,7
934,Customer_177,Customer177@gmail.com,Milk,Dairy,7,118.14,2025-09-17,Delivered,UPI,826.98,9
935,Customer_78,Customer78@gmail.com,Cheese,Dairy,2,142.55,2025-02-04,Pending,Card,285.1,2
936,Customer_45,Customer45@gmail.com,Tomato,Vegetables,4,161.93,2025-04-26,Pending,UPI,647.72,4
937,Customer_155,Customer155@gmail.com,Tomato,Vegetables,9,305.03,2025-12-20,Delivered,Card,2745.2699999999995,12
938,Customer_73,Customer73@gmail.com,Chicken,Meat,3,35.75,2025-04-06,Delivered,Cash,107.25,4
939,Customer_26,Customer26@gmail.com,Apple,Fruits,14,325.3,2025-04-25,Delivered,UPI,4554.2,4
940,Customer_47,Customer47@gmail.com,Eggs,Dairy,12,194.89,2025-11-02,Delivered,UPI,2338.68,11
941,Customer_121,Customer121@gmail.com,Bread,Bakery,3,161.72,2025-01-19,Delivered,Card,485.15999999999997,1
942,Customer_56,Customer56@gmail.com,Butter,Dairy,3,442.16,2025-06-19,Delivered,Card,1326.48,6
943,Customer_94,Customer94@gmail.com,Apple,Fruits,9,240.8,2025-05-19,Delivered,Card,2167.2000000000003,5
944,Customer_107,Customer107@gmail.com,Chicken,Meat,7,65.63,2025-04-26,Delivered,Cash,459.40999999999997,4
945,Customer_63,Customer63@gmail.com,Cheese,Dairy,5,416.84,2025-04-15,Delivered,Cash,2084.2,4
946,Customer_48,Customer48@gmail.com,Bread,Bakery,2,42.87,2025-02-03,Delivered,Card,85.74,2
947,Customer_61,Customer61@gmail.com,Chicken,Meat,9,368.84,2025-04-25,Pending,UPI,3319.56,4
948,Customer_81,Customer81@gmail.com,Eggs,Dairy,4,391.47,2025-01-16,Pending,UPI,1565.88,1
949,Customer_26,Customer26@gmail.com,Eggs,Dairy,5,189.25,2025-10-13,Delivered,UPI,946.25,10
950,Customer_36,Customer36@gmail.com,Eggs,Dairy,4,415.9,2025-05-26,Delivered,Card,1663.6,5
951,Customer_1,Customer1@gmail.com,Apple,Fruits,5,267.52,2025-06-12,Delivered,Card,1337.6,6
952,Customer_8,Customer8@gmail.com,Apple,Fruits,7,242.38,2025-11-23,Delivered,Card,1696.6599999999999,11
953,Customer_113,Customer113@gmail.com,Butter,Dairy,6,41.79,2025-08-29,Delivered,Cash,250.74,8
954,Customer_99,Customer99@gmail.com,Butter,Dairy,4,159.21,2025-01-03,Delivered,Card,636.84,1
955,Customer_180,Customer180@gmail.com,Cheese,Dairy,9,466.88,2025-12-11,Delivered,Card,4201.92,12
956,Customer_47,Customer47@gmail.com,Bread,Bakery,5,208.08,2025-03-28,Pending,Cash,1040.4,3
957,Customer_127,Customer127@gmail.com,Banana,Fruits,13,282.42,2025-02-09,Delivered,UPI,3671.46,2
958,Customer_56,Customer56@gmail.com,Banana,Fruits,3,275.37,2025-10-08,Delivered,Cash,826.11,10
959,Customer_14,Customer14@gmail.com,Chicken,Meat,11,303.41,2025-07-02,Pending,Card,3337.51,7
960,Customer_28,Customer28@gmail.com,Eggs,Dairy,8,49.44,2025-06-08,Delivered,Card,395.52,6
961,Customer_78,Customer78@gmail.com,Bread,Bakery,12,193.84,2025-04-02,Delivered,Cash,2326.08,4
962,Customer_130,Customer130@gmail.com,Tomato,Vegetables,3,367.1,2025-07-19,Delivered,Card,1101.3000000000002,7
963,Customer_109,Customer109@gmail.com,Apple,Fruits,0,116.27,2025-04-11,Delivered,Card,0.0,4
964,Customer_154,Customer154@gmail.com,Orange,Fruits,6,117.72,2025-11-26,Pending,Card,706.3199999999999,11
965,Customer_14,Customer14@gmail.com,Milk,Dairy,6,24.84,2025-03-20,Delivered,Card,149.04,3
966,Customer_187,Customer187@gmail.com,Cheese,Dairy,3,229.99,2025-11-19,Delivered,Card,689.97,11
967,Customer_56,Customer56@gmail.com,Eggs,Dairy,12,443.71,2025-07-24,Delivered,Cash,5324.5199999999995,7
968,Customer_115,Customer115@gmail.com,Eggs,Dairy,13,44.91,2025-10-30,Delivered,Cash,583.8299999999999,10
969,Customer_7,Customer7@gmail.com,Eggs,Dairy,2,111.74,2025-09-18,Pending,Cash,223.48,9
970,Customer_3,Customer3@gmail.com,Apple,Fruits,7,168.84,2025-09-12,Pending,Card,1181.88,9
971,Customer_111,Customer111@gmail.com,Apple,Fruits,4,371.23,2025-04-29,Delivered,Card,1484.92,4
972,Customer_151,Customer151@gmail.com,Milk,Dairy,15,327.51,2025-03-27,Delivered,Card,4912.65,3
973,Customer_107,Customer107@gmail.com,Tomato,Vegetables,9,219.65,2025-03-18,Delivered,Cash,1976.8500000000001,3
974,Customer_18,Customer18@gmail.com,Bread,Bakery,6,384.35,2025-11-09,Pending,Card,2306.1000000000004,11
975,Customer_38,Customer38@gmail.com,Eggs,Dairy,3,312.62,2025-10-27,Delivered,UPI,937.86,10
976,Customer_115,Customer115@gmail.com,Banana,Fruits,3,450.1,2025-06-10,Delivered,UPI,1350.3000000000002,6
977,Customer_15,Customer15@gmail.com,Butter,Dairy,7,412.65,2025-02-18,Delivered,Card,2888.5499999999997,2
978,Customer_192,Customer192@gmail.com,Banana,Fruits,13,141.35,2025-05-20,Delivered,Card,1837.55,5
979,Customer_119,Customer119@gmail.com,Chicken,Meat,7,150.29,2025-08-15,Delivered,Cash,1052.03,8
980,Customer_28,Customer28@gmail.com,Banana,Fruits,1,80.17,2025-06-15,Delivered,Cash,80.17,6
981,Customer_39,Customer39@gmail.com,Chicken,Meat,13,181.74,2025-10-12,Delivered,Card,2362.62,10
982,Customer_185,Customer185@gmail.com,Orange,Fruits,1,499.78,2025-12-31,Delivered,Card,499.78,12
983,Customer_17,Customer17@gmail.com,Butter,Dairy,2,214.76,2025-03-11,Delivered,Cash,429.52,3
984,Customer_86,Customer86@gmail.com,Banana,Fruits,14,125.83,2025-06-17,Pending,Card,1761.62,6
985,Customer_126,Customer126@gmail.com,Orange,Fruits,11,385.99,2025-06-07,Delivered,Card,4245.89,6
986,Customer_44,Customer44@gmail.com,Cheese,Dairy,11,280.39,2025-04-22,Delivered,Card,3084.29,4
987,Customer_25,Customer25@gmail.com,Bread,Bakery,2,91.81,2025-03-14,Delivered,UPI,183.62,3
988,Customer_145,Customer145@gmail.com,Orange,Fruits,0,202.73,2025-01-24,Delivered,Card,0.0,1
989,Customer_13,Customer13@gmail.com,Bread,Bakery,14,218.95,2025-11-20,Delivered,Card,3065.2999999999997,11
990,Customer_25,Customer25@gmail.com,Banana,Fruits,13,381.84,2025-06-03,Pending,Card,4963.92,6
991,Customer_68,Customer68@gmail.com,Tomato,Vegetables,2,29.92,2025-07-01,Delivered,UPI,59.84,7
992,Customer_138,Customer138@gmail.com,Orange,Fruits,5,149.13,2025-12-01,Cancelled,Cash,745.65,12
993,Customer_67,Customer67@gmail.com,Butter,Dairy,7,268.45,2025-10-11,Delivered,Cash,1879.1499999999999,10
994,Customer_109,Customer109@gmail.com,Banana,Fruits,12,149.05,2025-02-17,Delivered,Cash,1788.6000000000001,2
995,Customer_146,Customer146@gmail.com,Eggs,Dairy,11,321.65,2025-07-26,Delivered,UPI,3538.1499999999996,7
996,Customer_111,Customer111@gmail.com,Apple,Fruits,13,251.3,2025-06-11,Delivered,Card,3266.9,6
997,Customer_111,Customer111@gmail.com,Orange,Fruits,9,193.62,2025-10-18,Pending,Card,1742.58,10
998,Customer_34,Customer34@gmail.com,Butter,Dairy,5,475.62,2025-09-22,Pending,Cash,2378.1,9
999,Customer_111,Customer111@gmail.com,Cheese,Dairy,4,323.44,2025-09-09,Pending,Card,1293.76,9
1000,Customer_8,Customer8@gmail.com,Eggs,Dairy,14,82.37,2025-05-05,Cancelled,Card,1153.18,5
